USE T20;

SET foreign_key_checks = 0;

# Dump of table dp_android_api_level
# ------------------------------------------------------------
INSERT IGNORE INTO dp_android_api_level (api_level, platform_version, version_code, min_os_version, max_os_version, target_os_version)
VALUES
    (1,'Android 1.0','BASE',960100,960100,960100),
    (2,'Android 1.1','BASE_1_1',960110,960110,960110),
    (3,'Android 1.5','CUPCAKE',960150,960150,960150),
    (4,'Android 1.6','DONUT',960160,960160,960160),
    (5,'Android 2.0','ECLAIR',960200,960200,960200),
    (6,'Android 2.0.1','ECLAIR_0_1',960201,960201,960201),
    (7,'Android 2.1.0','ECLAIR_MR1',960210,960210,960210),
    (8,'Android 2.2.x','FROYO',960220,960220,960220),
    (9,'Android 2.3 Android 2.3.1 Android 2.3.2','GINGERBREAD',960230,960232,960232),
    (10,'Android 2.3.3 Android 2.3.4','GINGERBREAD_MR1',960233,960234,960234),
    (11,'Android 3.0.x','HONEYCOMB',960300,960300,960300),
    (12,'Android 3.1.x','HONEYCOMB_MR1',960310,960310,960310),
    (13,'Android 3.2','HONEYCOMB_MR2',960320,960320,960320),
    (14,'Android 4.0, 4.0.1, 4.0.2','ICE_CREAM_SANDWICH',960400,960402,960402),
    (15,'Android 4.0.3, 4.0.4','ICE_CREAM_SANDWICH_MR1',960403,960404,960404),
    (16,'Android 4.1, 4.1.1, 4.1.2','JELLY_BEAN',960410,960412,960412),
    (17,'Android 4.2','JELLY_BEAN_MR1',960420,960420,960420);

# Dump of table dp_app_image_dimensions
# ------------------------------------------------------------
INSERT IGNORE INTO dp_app_image_dimensions (dimension_id, width, height)
VALUES
    (1,320,480);

# Dump of table dp_app_image_scaling
# ------------------------------------------------------------
INSERT IGNORE INTO dp_app_image_scaling (id, image_dimension_id, scale_image_dimension_id, scale_image_size, is_enabled)
VALUES
    (1,1,1,0,1);

# Dump of table dp_app_platform
# ------------------------------------------------------------
INSERT IGNORE INTO dp_app_platform (platform_id, platform_name, is_enabled)
VALUES
    (1,'webOS',0),
    (2,'Windows',1),
    (3,'Linux',0),
    (4,'Mac',0),
    (5,'Web Browser',0),
    (6,'Android',1),
    (7,'iOS',1),
    (8,'mini apps',0);

# Dump of table dp_app_platform_properties
# ------------------------------------------------------------
DELETE FROM dp_app_platform_properties;
INSERT IGNORE INTO dp_app_platform_properties (property_type, property_value, platform_id, is_enabled)
VALUES
    ('FileExtension','msi',2,1),
    ('FileExtension','exe',2,1),
    ('FileExtension','apk',6,1),
    ('FileExtension','ipa',7,1),
    ('VersionRequired','1',2,1),
    ('VersionRequired','0',6,1),
    ('VersionRequired','1',7,1),
    ('PaidCountry','4',2,1),
    ('PaidCountry','7',2,1),
    ('PaidCountry','8',2,1),
    ('PaidCountry','11',2,1),
    ('PaidCountry','15',2,1),
    ('PaidCountry','17',2,1),
    ('PaidCountry','19',2,1),
    ('PaidCountry','22',2,1),
    ('PaidCountry','23',2,1),
    ('PaidCountry','245',2,1),
    ('FreeCountry','4',2,1),
    ('FreeCountry','7',2,1),
    ('FreeCountry','8',2,1),
    ('FreeCountry','9',2,1),
    ('FreeCountry','11',2,1),
    ('FreeCountry','15',2,1),
    ('FreeCountry','17',2,1),
    ('FreeCountry','19',2,1),
    ('FreeCountry','22',2,1),
    ('FreeCountry','23',2,1),
    ('FreeCountry','30',2,1),
    ('FreeCountry','245',2,1),
    ('FreeCountry','246',2,1),
    ('PaidCountry','4',6,1),
    ('PaidCountry','7',6,1),
    ('PaidCountry','8',6,1),
    ('PaidCountry','11',6,1),
    ('PaidCountry','15',6,1),
    ('PaidCountry','17',6,1),
    ('PaidCountry','19',6,1),
    ('PaidCountry','22',6,1),
    ('PaidCountry','23',6,1),
    ('PaidCountry','245',6,1),
    ('FreeCountry','4',6,1),
    ('FreeCountry','7',6,1),
    ('FreeCountry','8',6,1),
    ('FreeCountry','9',6,1),
    ('FreeCountry','11',6,1),
    ('FreeCountry','15',6,1),
    ('FreeCountry','17',6,1),
    ('FreeCountry','19',6,1),
    ('FreeCountry','22',6,1),
    ('FreeCountry','23',6,1),
    ('FreeCountry','30',6,1),
    ('FreeCountry','245',6,1),
    ('FreeCountry','246',6,1),
    ('PaidCountry','4',7,1),
    ('PaidCountry','7',7,1),
    ('PaidCountry','8',7,1),
    ('PaidCountry','11',7,1),
    ('PaidCountry','15',7,1),
    ('PaidCountry','17',7,1),
    ('PaidCountry','19',7,1),
    ('PaidCountry','22',7,1),
    ('PaidCountry','23',7,1),
    ('PaidCountry','245',7,1),
    ('FreeCountry','4',7,1),
    ('FreeCountry','7',7,1),
    ('FreeCountry','8',7,1),
    ('FreeCountry','9',7,1),
    ('FreeCountry','11',7,1),
    ('FreeCountry','15',7,1),
    ('FreeCountry','17',7,1),
    ('FreeCountry','19',7,1),
    ('FreeCountry','22',7,1),
    ('FreeCountry','23',7,1),
    ('FreeCountry','30',7,1),
    ('FreeCountry','245',7,1),
    ('FreeCountry','246',7,1),
    ('SupportedLanguage','0',2,1),
    ('SupportedLanguage','1',2,1),
    ('SupportedLanguage','2',2,1),
    ('SupportedLanguage','4',2,1),
    ('SupportedLanguage','0',6,1),
    ('SupportedLanguage','1',6,1),
    ('SupportedLanguage','2',6,1),
    ('SupportedLanguage','4',6,1),
    ('SupportedLanguage','0',7,1),
    ('SupportedLanguage','1',7,1),
    ('SupportedLanguage','2',7,1),
    ('SupportedLanguage','4',7,1),
    ('RunsOnPlatforms','2',2,1),
    ('RunsOnPlatforms','6',6,1),
    ('RunsOnPlatforms','7',7,1);

# Dump of table dp_app_platform_submissiontype_workflow
# ------------------------------------------------------------
INSERT IGNORE INTO dp_app_platform_submissiontype_workflow (platform_id, submission_type, environment_id, workflow_id, queue_id)
VALUES
    (2,'new','QA',22,45),
    (2,'update','QA',22,45),
    (2,'meta','QA',22,37),
    (2,'new','PROD',22,38),
    (2,'update','PROD',22,38),
    (2,'meta','PROD',22,38),
    (6,'new','QA',23,45),
    (6,'update','QA',23,45),
    (6,'meta','QA',23,37),
    (6,'new','PROD',23,38),
    (6,'update','PROD',23,38),
    (6,'meta','PROD',23,38),
    (7,'new','QA',24,45),
    (7,'update','QA',24,45),
    (7,'meta','QA',24,37),
    (7,'new','PROD',24,38),
    (7,'update','PROD',24,38),
    (7,'meta','PROD',24,38);

# Dump of table dp_bulk_upload_session_status
# ------------------------------------------------------------
INSERT IGNORE INTO dp_bulk_upload_session_status (status_id, label)
VALUES
    (0,'Received'),
    (4,'Pending Approval'),
    (8,'Approved'),
    (12,'Submitted'),
    (16,'Published'),
    (64,'Rejected'),
    (128,'Aborted');

# Dump of table dp_device_type_app_image_requirements
# ------------------------------------------------------------
/*!40000 ALTER TABLE dp_device_type_app_image_requirements DISABLE KEYS */;
INSERT IGNORE INTO dp_device_type_app_image_requirements (device_family_type_id, image_dimension_id, is_enabled)
VALUES
    (1000,1,1),
    (1300,1,1),
    (1400,1,1);

# Dump of table dp_enterprise_platforms
# ------------------------------------------------------------
INSERT IGNORE INTO dp_enterprise_platforms (enterprise_id, platform_id)
VALUES
    (2,6),
    (2,7),
    (2,8);

# Dump of table jos_dp_common_country
# ------------------------------------------------------------
INSERT IGNORE INTO jos_dp_common_country (ID, CODE, NAME, USE_FOR_PURCHASE, currencycode, check_vat, code_vat, commerce_supported, vat_percentage, dav_check_state, dav_check_postalcode, banned_country)
VALUES
    (0,'','',0,'USD',0,'',0,0,0,0,0),
    (1,'AT','AUSTRIA',0,'EUR',1,'AT',0,23,0,1,0),
    (2,'BE','BELGIUM',0,'EUR',1,'BE',0,23,0,0,0),
    (3,'BR','BRAZIL',0,'BRL',0,'',0,0,1,0,0),
    (4,'CA','CANADA',1,'CAD',0,'',1,0,1,1,0),
    (5,'DK','DENMARK',0,'DKK',1,'DK',0,23,0,0,0),
    (6,'FI','FINLAND',0,'EUR',1,'FI',0,23,0,1,0),
    (7,'FR','FRANCE',1,'EUR',1,'FR',1,23,0,0,0),
    (8,'DE','GERMANY',1,'EUR',1,'DE',1,23,0,0,0),
    (9,'HK','HONG KONG',1,'HKD',0,'',0,0,0,0,0),
    (10,'IS','ICELAND',0,'ISK',0,'',0,0,0,1,0),
    (11,'IE','IRELAND',1,'EUR',1,'IE',1,23,0,0,0),
    (12,'IT','ITALY',0,'EUR',1,'IT',0,23,0,0,0),
    (13,'JP','JAPAN',0,'JPY',0,'',0,0,0,0,0),
    (14,'LU','LUXEMBOURG',0,'EUR',1,'LU',0,23,0,1,0),
    (15,'MX','MEXICO',1,'MXN',0,'',1,0,0,0,0),
    (16,'NL','NETHERLANDS',0,'EUR',1,'NL',0,23,0,1,0),
    (17,'NZ','NEW ZEALAND',1,'NZD',0,'',1,0,0,0,0),
    (18,'NO','NORWAY',0,'NOK',0,'',0,0,0,0,0),
    (19,'ES','SPAIN',1,'EUR',1,'ES',1,23,0,1,0),
    (20,'SE','SWEDEN',0,'SEK',1,'SE',0,23,0,0,0),
    (21,'CH','SWITZERLAND',0,'CHF',0,'',0,0,0,0,0),
    (22,'GB','UNITED KINGDOM',1,'GBP',1,'GB',1,23,0,0,0),
    (23,'US','UNITED STATES',1,'USD',0,'',1,0,1,1,0),
    (24,'IN','INDIA',0,'INR',0,'',0,0,0,0,0),
    (25,'ID','INDONESIA',0,'IDR',0,'',0,0,0,0,0),
    (26,'KR','REPUBLIC OF KOREA',0,'USD',0,'',0,0,0,0,0),
    (27,'MY','MALAYSIA',0,'MYR',0,'',0,0,0,0,0),
    (28,'CN','CHINA',0,'CNY',0,'',0,0,0,0,0),
    (29,'PH','PHILIPPINES',0,'PHP',0,'',0,0,0,0,0),
    (30,'SG','SINGAPORE',1,'SGD',0,'',0,0,0,0,0),
    (31,'TH','THAILAND',0,'THB',0,'',0,0,0,0,0),
    (32,'TW','PROVINCE OF CHINA TAIWAN',0,'USD',0,'',0,0,0,0,0),
    (33,'AD','ANDORRA',0,'EUR',0,'',0,0,0,0,0),
    (34,'AE','UNITED ARAB EMIRATES',0,'AED',0,'',0,0,0,0,0),
    (35,'AF','AFGHANISTAN',0,'AFN',0,'',0,0,0,0,0),
    (36,'AG','ANTIGUA AND BARBUDA',0,'XCD',0,'',0,0,0,0,0),
    (37,'AI','ANGUILLA',0,'XCD',0,'',0,0,0,0,0),
    (38,'AL','ALBANIA',0,'ALL',0,'',0,0,0,0,0),
    (39,'AM','ARMENIA',0,'AMD',0,'',0,0,0,0,0),
    (40,'AN','NETHERLANDS ANTILLES',0,'ANG',0,'',0,0,0,0,0),
    (41,'AO','ANGOLA',0,'AOA',0,'',0,0,0,0,0),
    (42,'AQ','ANTARCTICA',0,'USD',0,'',0,0,0,0,0),
    (43,'AR','ARGENTINA',0,'ARS',0,'',0,0,0,0,0),
    (44,'AS','AMERICAN SAMOA',0,'USD',0,'',0,0,0,0,0),
    (45,'AW','ARUBA',0,'AWG',0,'',0,0,0,0,0),
    (46,'AZ','AZERBAIJAN',0,'AZN',0,'',0,0,0,0,0),
    (47,'BA','BOSNIA AND HERZEGOVINA',0,'BAM',0,'',0,0,0,0,0),
    (48,'BB','BARBADOS',0,'BBD',0,'',0,0,0,0,0),
    (49,'BD','BANGLADESH',0,'BDT',0,'',0,0,0,0,0),
    (50,'BF','BURKINA FASO',0,'XOF',0,'',0,0,0,0,0),
    (51,'BG','BULGARIA',0,'BGN',1,'BG',0,23,0,0,0),
    (52,'BH','BAHRAIN',0,'BHD',0,'',0,0,0,0,0),
    (53,'BI','BURUNDI',0,'BIF',0,'',0,0,0,0,0),
    (54,'BJ','BENIN',0,'XOF',0,'',0,0,0,0,0),
    (55,'BM','BERMUDA',0,'BMD',0,'',0,0,0,0,0),
    (56,'BN','BRUNEI DARUSSALAM',0,'USD',0,'',0,0,0,0,0),
    (57,'BO','BOLIVIA',0,'BOB',0,'',0,0,0,0,0),
    (58,'BS','BAHAMAS',0,'USD',0,'',0,0,0,0,0),
    (59,'BT','BHUTAN',0,'BTN',0,'',0,0,0,0,0),
    (60,'BV','BOUVET ISLAND',0,'USD',0,'',0,0,0,0,0),
    (61,'BW','BOTSWANA',0,'BWP',0,'',0,0,0,0,0),
    (62,'BY','BELARUS',0,'BYR',0,'',0,0,0,0,0),
    (63,'BZ','BELIZE',0,'BZD',0,'',0,0,0,0,0),
    (64,'CC','COCOS (KEELING) ISLANDS',0,'AUD',0,'',0,0,0,0,0),
    (65,'CD','THE DEMOCRATIC REPUBLIC OF THE CONGO',0,'USD',0,'',0,0,0,0,0),
    (66,'CF','CENTRAL AFRICAN REPUBLIC',0,'XAF',0,'',0,0,0,0,0),
    (67,'CG','CONGO',0,'USD',0,'',0,0,0,0,0),
    (68,'CI','COTE D\'IVOIRE',0,'USD',0,'',0,0,0,0,0),
    (69,'CK','COOK ISLANDS',0,'NZD',0,'',0,0,0,0,0),
    (70,'CL','CHILE',0,'CLP',0,'',0,0,0,0,0),
    (71,'CM','CAMEROON',0,'XAF',0,'',0,0,0,0,0),
    (72,'CO','COLOMBIA',0,'COP',0,'',0,0,0,0,0),
    (73,'CR','COSTA RICA',0,'CRC',0,'',0,0,0,0,0),
    (74,'CU','CUBA',0,'CUP',0,'',0,0,0,0,1),
    (75,'CV','CAPE VERDE',0,'CVE',0,'',0,0,0,0,0),
    (76,'CX','CHRISTMAS ISLAND',0,'AUD',0,'',0,0,0,0,0),
    (77,'CY','CYPRUS',0,'EUR',1,'CY',0,23,0,1,0),
    (78,'CZ','CZECH REPUBLIC',0,'CZK',1,'CZ',0,23,0,0,0),
    (79,'DJ','DJIBOUTI',0,'DJF',0,'',0,0,0,0,0),
    (80,'DM','DOMINICA',0,'XCD',0,'',0,0,0,0,0),
    (81,'DO','DOMINICAN REPUBLIC',0,'DOP',0,'',0,0,0,1,0),
    (82,'DZ','ALGERIA',0,'DZD',0,'',0,0,0,0,0),
    (83,'EC','ECUADOR',0,'USD',0,'',0,0,0,0,0),
    (84,'EE','ESTONIA',0,'EEK',1,'EE',0,23,0,1,0),
    (85,'EG','EGYPT',0,'EGP',0,'',0,0,0,0,0),
    (86,'EH','WESTERN SAHARA',0,'MAD',0,'',0,0,0,0,0),
    (87,'ER','ERITREA',0,'ERN',0,'',0,0,0,0,0),
    (88,'ET','ETHIOPIA',0,'ETB',0,'',0,0,0,0,0),
    (89,'FJ','FIJI',0,'FJD',0,'',0,0,0,0,0),
    (90,'FK','FALKLAND ISLANDS (MALVINAS)',0,'USD',0,'',0,0,0,0,0),
    (91,'FM','FEDERATED STATES OF MICRONESIA',0,'USD',0,'',0,0,0,0,0),
    (92,'FO','FAROE ISLANDS',0,'DKK',0,'',0,0,0,0,0),
    (93,'GA','GABON',0,'XAF',0,'',0,0,0,0,0),
    (94,'GD','GRENADA',0,'XCD',0,'',0,0,0,0,0),
    (95,'GE','GEORGIA',0,'GEL',0,'',0,0,0,0,0),
    (96,'GF','FRENCH GUIANA',0,'EUR',0,'',0,0,0,1,0),
    (97,'GG','GUERNSEY',0,'USD',0,'',0,0,0,0,0),
    (98,'GH','GHANA',0,'GHS',0,'',0,0,0,0,0),
    (99,'GI','GIBRALTAR',0,'GIP',0,'',0,0,0,0,0),
    (100,'GL','GREENLAND',0,'DKK',0,'',0,0,0,0,0),
    (101,'GM','GAMBIA',0,'USD',0,'',0,0,0,0,0),
    (102,'GN','GUINEA',0,'GNF',0,'',0,0,0,0,0),
    (103,'GP','GUADELOUPE',0,'EUR',0,'',0,0,0,1,0),
    (104,'GQ','EQUATORIAL GUINEA',0,'XAF',0,'',0,0,0,0,0),
    (105,'GR','GREECE',0,'EUR',1,'EL',0,23,0,0,0),
    (106,'GS','SOUTH GEORGIA AND THE SOUTH SANDWICH ISLANDS',0,'USD',0,'',0,0,0,0,0),
    (107,'GT','GUATEMALA',0,'GTQ',0,'',0,0,0,0,0),
    (108,'GU','GUAM',0,'USD',0,'',0,0,0,0,0),
    (109,'GW','GUINEA-BISSAU',0,'XOF',0,'',0,0,0,0,0),
    (110,'GY','GUYANA',0,'GYD',0,'',0,0,0,0,0),
    (111,'HM','HEARD ISLAND AND MCDONALD ISLANDS',0,'USD',0,'',0,0,0,0,0),
    (112,'HN','HONDURAS',0,'HNL',0,'',0,0,0,0,0),
    (113,'HR','CROATIA',0,'HRK',0,'',0,0,0,0,0),
    (114,'HT','HAITI',0,'HTG',0,'',0,0,0,0,0),
    (115,'HU','HUNGARY',0,'HUF',1,'HU',0,23,0,1,0),
    (116,'IL','ISRAEL',0,'ILS',0,'',0,0,0,0,0),
    (117,'IO','BRITISH INDIAN OCEAN TERRITORY',0,'USD',0,'',0,0,0,0,0),
    (118,'IQ','IRAQ',0,'IQD',0,'',0,0,0,0,0),
    (119,'IR','ISLAMIC REPUBLIC OF IRAN',0,'USD',0,'',0,0,0,0,1),
    (120,'JM','JAMAICA',0,'JMD',0,'',0,0,0,0,0),
    (121,'JO','JORDAN',0,'JOD',0,'',0,0,0,0,0),
    (122,'KE','KENYA',0,'KES',0,'',0,0,0,0,0),
    (123,'KG','KYRGYZSTAN',0,'KGS',0,'',0,0,0,0,0),
    (124,'KH','CAMBODIA',0,'KHR',0,'',0,0,0,0,0),
    (125,'KI','KIRIBATI',0,'AUD',0,'',0,0,0,0,0),
    (126,'KM','COMOROS',0,'KMF',0,'',0,0,0,0,0),
    (127,'KN','SAINT KITTS AND NEVIS',0,'XCD',0,'',0,0,0,0,0),
    (128,'KP','DEMOCRATIC PEOPLE\'S REPUBLIC OF KOREA',0,'USD',0,'',0,0,0,0,1),
    (129,'KW','KUWAIT',0,'KWD',0,'',0,0,0,0,0),
    (130,'KY','CAYMAN ISLANDS',0,'KYD',0,'',0,0,0,0,0),
    (131,'KZ','KAZAKHSTAN',0,'KZT',0,'',0,0,0,0,0),
    (132,'LA','LAO PEOPLE\'S DEMOCRATIC REPUBLIC',0,'USD',0,'',0,0,0,0,0),
    (133,'LB','LEBANON',0,'LBP',0,'',0,0,0,0,0),
    (134,'LC','SAINT LUCIA',0,'XCD',0,'',0,0,0,0,0),
    (135,'LI','LIECHTENSTEIN',0,'CHF',0,'',0,0,0,1,0),
    (136,'LK','SRI LANKA',0,'LKR',0,'',0,0,0,0,0),
    (137,'LR','LIBERIA',0,'LRD',0,'',0,0,0,0,0),
    (138,'LS','LESOTHO',0,'LSL',0,'',0,0,0,0,0),
    (139,'LT','LITHUANIA',0,'LTL',1,'LT',0,23,0,1,0),
    (140,'LV','LATVIA',0,'LVL',1,'LV',0,23,0,1,0),
    (141,'LY','LIBYAN ARAB JAMAHIRIYA',0,'USD',0,'',0,0,0,0,0),
    (142,'MA','MOROCCO',0,'MAD',0,'',0,0,0,0,0),
    (143,'MC','MONACO',0,'EUR',0,'',0,0,0,0,0),
    (144,'MD','REPUBLIC OF MOLDOVA',0,'USD',0,'',0,0,0,0,0),
    (145,'MG','MADAGASCAR',0,'MGA',0,'',0,0,0,0,0),
    (146,'MH','MARSHALL ISLANDS',0,'USD',0,'',0,0,0,0,0),
    (147,'MK','THE FORMER YUGOSLAV REPUBLIC OF MACEDONIA',0,'USD',0,'',0,0,0,0,0),
    (148,'ML','MALI',0,'XOF',0,'',0,0,0,0,0),
    (149,'MM','MYANMAR',0,'USD',0,'',0,0,0,0,0),
    (150,'MN','MONGOLIA',0,'MNT',0,'',0,0,0,0,0),
    (151,'MO','MACAO',0,'USD',0,'',0,0,0,0,0),
    (152,'MP','NORTHERN MARIANA ISLANDS',0,'USD',0,'',0,0,0,0,0),
    (153,'MQ','MARTINIQUE',0,'EUR',0,'',0,0,0,1,0),
    (154,'MR','MAURITANIA',0,'MRO',0,'',0,0,0,0,0),
    (155,'MS','MONTSERRAT',0,'XCD',0,'',0,0,0,0,0),
    (156,'MT','MALTA',0,'EUR',1,'MT',0,23,0,1,0),
    (157,'MU','MAURITIUS',0,'MUR',0,'',0,0,0,0,0),
    (158,'MV','MALDIVES',0,'MVR',0,'',0,0,0,0,0),
    (159,'MW','MALAWI',0,'MWK',0,'',0,0,0,0,0),
    (160,'MZ','MOZAMBIQUE',0,'MZN',0,'',0,0,0,0,0),
    (161,'NA','NAMIBIA',0,'NAD',0,'',0,0,0,0,0),
    (162,'NC','NEW CALEDONIA',0,'XPF',0,'',0,0,0,0,0),
    (163,'NE','NIGER',0,'XOF',0,'',0,0,0,0,0),
    (164,'NF','NORFOLK ISLAND',0,'AUD',0,'',0,0,0,0,0),
    (165,'NG','NIGERIA',0,'NGN',0,'',0,0,0,0,0),
    (166,'NI','NICARAGUA',0,'NIO',0,'',0,0,0,0,0),
    (167,'NP','NEPAL',0,'NPR',0,'',0,0,0,0,0),
    (168,'NR','NAURU',0,'AUD',0,'',0,0,0,0,0),
    (169,'NU','NIUE',0,'NZD',0,'',0,0,0,0,0),
    (170,'OM','OMAN',0,'OMR',0,'',0,0,0,0,0),
    (171,'PA','PANAMA',0,'PAB',0,'',0,0,0,0,0),
    (172,'PE','PERU',0,'PEN',0,'',0,0,0,0,0),
    (173,'PF','FRENCH POLYNESIA',0,'XPF',0,'',0,0,0,0,0),
    (174,'PG','PAPUA NEW GUINEA',0,'PGK',0,'',0,0,0,0,0),
    (175,'PK','PAKISTAN',0,'PKR',0,'',0,0,0,0,0),
    (176,'PL','POLAND',0,'PLN',1,'PL',0,23,0,0,0),
    (177,'PM','SAINT PIERRE AND MIQUELON',0,'EUR',0,'',0,0,0,0,0),
    (178,'PN','PITCAIRN',0,'USD',0,'',0,0,0,0,0),
    (179,'PR','PUERTO RICO',0,'USD',0,'',0,0,0,0,0),
    (180,'PT','PORTUGAL',0,'EUR',1,'PT',0,23,0,0,0),
    (181,'PW','PALAU',0,'USD',0,'',0,0,0,0,0),
    (182,'PY','PARAGUAY',0,'PYG',0,'',0,0,0,0,0),
    (183,'QA','QATAR',0,'QAR',0,'',0,0,0,0,0),
    (184,'RE','REUNION',0,'EUR',0,'',0,0,0,1,0),
    (185,'RO','ROMANIA',0,'RON',1,'RO',0,23,0,0,0),
    (186,'RU','RUSSIAN FEDERATION',0,'USD',0,'',0,0,0,0,0),
    (187,'RW','RWANDA',0,'RWF',0,'',0,0,0,0,0),
    (188,'SA','SAUDI ARABIA',0,'SAR',0,'',0,0,0,0,0),
    (189,'SB','SOLOMON ISLANDS',0,'SBD',0,'',0,0,0,0,0),
    (190,'SC','SEYCHELLES',0,'SCR',0,'',0,0,0,0,0),
    (191,'SD','SUDAN',0,'SDG',0,'',0,0,0,0,1),
    (192,'SH','SAINT HELENA',0,'SHP',0,'',0,0,0,0,0),
    (193,'SI','SLOVENIA',0,'SIT',1,'SI',0,23,0,1,0),
    (194,'SJ','SVALBARD AND JAN MAYEN',0,'USD',0,'',0,0,0,0,0),
    (195,'SK','SLOVAKIA',0,'SKK',1,'SK',0,23,0,1,0),
    (196,'SL','SIERRA LEONE',0,'SLL',0,'',0,0,0,0,0),
    (197,'SM','SAN MARINO',0,'EUR',0,'',0,0,0,1,0),
    (198,'SN','SENEGAL',0,'XOF',0,'',0,0,0,0,0),
    (199,'SO','SOMALIA',0,'SOS',0,'',0,0,0,0,0),
    (200,'SR','SURINAME',0,'SRD',0,'',0,0,0,0,0),
    (201,'ST','SAO TOME AND PRINCIPE',0,'STD',0,'',0,0,0,0,0),
    (202,'SV','EL SALVADOR',0,'USD',0,'',0,0,0,0,0),
    (203,'SY','SYRIAN ARAB REPUBLIC',0,'USD',0,'',0,0,0,0,1),
    (204,'SZ','SWAZILAND',0,'SZL',0,'',0,0,0,0,0),
    (205,'TC','TURKS AND CAICOS ISLANDS',0,'USD',0,'',0,0,0,0,0),
    (206,'TD','CHAD',0,'XAF',0,'',0,0,0,0,0),
    (207,'TF','FRENCH SOUTHERN TERRITORIES',0,'USD',0,'',0,0,0,0,0),
    (208,'TG','TOGO',0,'XOF',0,'',0,0,0,0,0),
    (209,'TJ','TAJIKISTAN',0,'TJS',0,'',0,0,0,0,0),
    (210,'TK','TOKELAU',0,'NZD',0,'',0,0,0,0,0),
    (211,'TL','TIMOR-LESTE',0,'USD',0,'',0,0,0,0,0),
    (212,'TM','TURKMENISTAN',0,'TMM',0,'',0,0,0,0,0),
    (213,'TN','TUNISIA',0,'TND',0,'',0,0,0,0,0),
    (214,'TO','TONGA',0,'TOP',0,'',0,0,0,0,0),
    (215,'TR','TURKEY',0,'TRY',0,'',0,0,0,1,0),
    (216,'TT','TRINIDAD AND TOBAGO',0,'TTD',0,'',0,0,0,0,0),
    (217,'TV','TUVALU',0,'AUD',0,'',0,0,0,0,0),
    (218,'TZ','UNITED REPUBLIC OF TANZANIA',0,'USD',0,'',0,0,0,0,0),
    (219,'UA','UKRAINE',0,'UAH',0,'',0,0,0,0,0),
    (220,'UG','UGANDA',0,'UGX',0,'',0,0,0,0,0),
    (221,'UM','UNITED STATES MINOR OUTLYING ISLANDS',0,'USD',0,'',0,0,0,0,0),
    (222,'UY','URUGUAY',0,'UYU',0,'',0,0,0,1,0),
    (223,'UZ','UZBEKISTAN',0,'UZS',0,'',0,0,0,0,0),
    (224,'VA','HOLY SEE (VATICAN CITY STATE)',0,'USD',0,'',0,0,0,0,0),
    (225,'VC','SAINT VINCENT AND THE GRENADINES',0,'XCD',0,'',0,0,0,0,0),
    (226,'VE','VENEZUELA',0,'VEB',0,'',0,0,0,0,0),
    (227,'VG','BRITISH VIRGIN ISLANDS',0,'USD',0,'',0,0,0,0,0),
    (228,'VI','U.S. VIRGIN ISLANDS',0,'USD',0,'',0,0,0,0,0),
    (229,'VN','VIET NAM',0,'USD',0,'',0,0,0,0,0),
    (230,'VU','VANUATU',0,'VUV',0,'',0,0,0,0,0),
    (231,'WF','WALLIS AND FUTUNA',0,'XPF',0,'',0,0,0,0,0),
    (232,'WS','SAMOA',0,'WST',0,'',0,0,0,0,0),
    (233,'YE','YEMEN',0,'YER',0,'',0,0,0,0,0),
    (234,'YT','MAYOTTE',0,'EUR',0,'',0,0,0,0,0),
    (236,'ZA','SOUTH AFRICA',0,'ZAR',0,'',0,0,0,0,0),
    (237,'ZM','ZAMBIA',0,'ZMK',0,'',0,0,0,0,0),
    (238,'ZW','ZIMBABWE',0,'ZWL',0,'',0,0,0,0,0),
    (239,'AX','?LAND ISLANDS',0,'USD',0,'',0,0,0,0,0),
    (240,'IM','ISLE OF MAN',0,'USD',0,'',0,0,0,0,0),
    (241,'JE','JERSEY',0,'USD',0,'',0,0,0,0,0),
    (242,'ME','MONTENEGRO',0,'EUR',0,'',0,0,0,0,0),
    (243,'PS','OCCUPIED PALESTINIAN TERRITORY',0,'USD',0,'',0,0,0,0,0),
    (244,'RS','SERBIA',0,'USD',0,'',0,0,0,0,0),
    (245,'AU','AUSTRALIA',1,'AUD',0,'',1,0,0,0,0),
    (246,'AC','OTHER',1,'USD',0,'',0,0,0,0,0);

# Dump of table jos_dp_common_currency
# ------------------------------------------------------------
INSERT IGNORE INTO jos_dp_common_currency (currencycode, currencyname, currencynumericcode, useforcommerce, min_for_currency, max_for_currency, min_item_price, max_item_price)
VALUES
    ('AED','UAE Dirham',784,1,0.00000000,0.00000000,0.00000000,0.00000000),
    ('AFN','Afghani',971,1,0.00000000,0.00000000,0.00000000,0.00000000),
    ('ALL','Lek',8,1,0.00000000,0.00000000,0.00000000,0.00000000),
    ('AMD','Armenian Dram',51,1,0.00000000,0.00000000,0.00000000,0.00000000),
    ('ANG','Netherlands Antillian Guilder',532,1,0.00000000,0.00000000,0.00000000,0.00000000),
    ('AOA','Kwanza',973,1,0.00000000,0.00000000,0.00000000,0.00000000),
    ('ARS','Argentine Peso',32,1,0.00000000,0.00000000,0.00000000,0.00000000),
    ('AUD','Australian Dollar',36,1,0.99000000,999.99000000,0.99000000,199.00000000),
    ('AWG','Aruban Guilder',533,1,0.00000000,0.00000000,0.00000000,0.00000000),
    ('AZN','Azerbaijanian Manat',944,1,0.00000000,0.00000000,0.00000000,0.00000000),
    ('BAM','Convertible Marks',977,1,0.00000000,0.00000000,0.00000000,0.00000000),
    ('BBD','Barbados Dollar',52,1,0.00000000,0.00000000,0.00000000,0.00000000),
    ('BDT','Taka',50,1,0.00000000,0.00000000,0.00000000,0.00000000),
    ('BGN','Bulgarian Lev',975,1,0.00000000,0.00000000,0.00000000,0.00000000),
    ('BHD','Bahraini Dinar',48,1,0.00000000,0.00000000,0.00000000,0.00000000),
    ('BIF','Burundi Franc',108,1,0.00000000,0.00000000,0.00000000,0.00000000),
    ('BMD','Bermudian Dollar',60,1,0.00000000,0.00000000,0.00000000,0.00000000),
    ('BND','Brunei Dollar',96,1,0.00000000,0.00000000,0.00000000,0.00000000),
    ('BOB','Boliviano',68,1,0.00000000,0.00000000,0.00000000,0.00000000),
    ('BOV','Mvdol',984,1,0.00000000,0.00000000,0.00000000,0.00000000),
    ('BRL','Brazilian Real',986,1,0.00000000,0.00000000,0.00000000,0.00000000),
    ('BSD','Bahamian Dollar',44,1,0.00000000,0.00000000,0.00000000,0.00000000),
    ('BTN','Ngultrum',64,1,0.00000000,0.00000000,0.00000000,0.00000000),
    ('BWP','Pula',72,1,0.00000000,0.00000000,0.00000000,0.00000000),
    ('BYR','Belarussian Ruble',974,1,0.00000000,0.00000000,0.00000000,0.00000000),
    ('BZD','Belize Dollar',84,1,0.00000000,0.00000000,0.00000000,0.00000000),
    ('CAD','Canadian Dollar',124,1,0.99000000,999.99000000,0.99000000,199.00000000),
    ('CDF','Congolese Franc',976,1,0.00000000,0.00000000,0.00000000,0.00000000),
    ('CHE','WIR Euro',947,1,0.00000000,0.00000000,0.00000000,0.00000000),
    ('CHF','Swiss Franc',756,1,0.00000000,0.00000000,0.00000000,0.00000000),
    ('CHW','WIR Franc',948,1,0.00000000,0.00000000,0.00000000,0.00000000),
    ('CLF','Unidades de fomento',990,1,0.00000000,0.00000000,0.00000000,0.00000000),
    ('CLP','Chilean Peso',152,1,0.00000000,0.00000000,0.00000000,0.00000000),
    ('CNY','Yuan Renminbi',156,1,0.00000000,0.00000000,0.00000000,0.00000000),
    ('COP','Colombian Peso',170,1,0.00000000,0.00000000,0.00000000,0.00000000),
    ('COU','Unidad de Valor Real',970,1,0.00000000,0.00000000,0.00000000,0.00000000),
    ('CRC','Costa Rican Colon',188,1,0.00000000,0.00000000,0.00000000,0.00000000),
    ('CUC','Peso Convertible',931,1,0.00000000,0.00000000,0.00000000,0.00000000),
    ('CUP','Cuban Peso',192,1,0.00000000,0.00000000,0.00000000,0.00000000),
    ('CVE','Cape Verde Escudo',132,1,0.00000000,0.00000000,0.00000000,0.00000000),
    ('CZK','Czech Koruna',203,1,0.00000000,0.00000000,0.00000000,0.00000000),
    ('DJF','Djibouti Franc',262,1,0.00000000,0.00000000,0.00000000,0.00000000),
    ('DKK','Danish Krone',208,1,0.00000000,0.00000000,0.00000000,0.00000000),
    ('DOP','Dominican Peso',214,1,0.00000000,0.00000000,0.00000000,0.00000000),
    ('DZD','Algerian Dinar',12,1,0.00000000,0.00000000,0.00000000,0.00000000),
    ('EEK','Kroon',233,1,0.00000000,0.00000000,0.00000000,0.00000000),
    ('EGP','Egyptian Pound',818,1,0.00000000,0.00000000,0.00000000,0.00000000),
    ('ERN','Nakfa',232,1,0.00000000,0.00000000,0.00000000,0.00000000),
    ('ETB','Ethiopian Birr',230,1,0.00000000,0.00000000,0.00000000,0.00000000),
    ('EUR','Euro',978,1,0.99000000,999.99000000,0.99000000,199.00000000),
    ('FJD','Fiji Dollar',242,1,0.00000000,0.00000000,0.00000000,0.00000000),
    ('FKP','Falkland Islands Pound',238,1,0.00000000,0.00000000,0.00000000,0.00000000),
    ('GBP','Pound Sterling',826,1,0.79000000,799.99000000,0.99000000,199.00000000),
    ('GEL','Lari',981,1,0.00000000,0.00000000,0.00000000,0.00000000),
    ('GHS','Cedi',936,1,0.00000000,0.00000000,0.00000000,0.00000000),
    ('GIP','Gibraltar Pound',292,1,0.00000000,0.00000000,0.00000000,0.00000000),
    ('GMD','Dalasi',270,1,0.00000000,0.00000000,0.00000000,0.00000000),
    ('GNF','Guinea Franc',324,1,0.00000000,0.00000000,0.00000000,0.00000000),
    ('GTQ','Quetzal',320,1,0.00000000,0.00000000,0.00000000,0.00000000),
    ('GWP','Guinea-Bissau Peso',624,1,0.00000000,0.00000000,0.00000000,0.00000000),
    ('GYD','Guyana Dollar',328,1,0.00000000,0.00000000,0.00000000,0.00000000),
    ('HKD','Hong Kong Dollar',344,1,0.00000000,0.00000000,0.00000000,0.00000000),
    ('HNL','Lempira',340,1,0.00000000,0.00000000,0.00000000,0.00000000),
    ('HRK','Croatian Kuna',191,1,0.00000000,0.00000000,0.00000000,0.00000000),
    ('HTG','Gourde',332,1,0.00000000,0.00000000,0.00000000,0.00000000),
    ('HUF','Forint',348,1,0.00000000,0.00000000,0.00000000,0.00000000),
    ('IDR','Rupiah',360,1,0.00000000,0.00000000,0.00000000,0.00000000),
    ('ILS','New Israeli Sheqel',376,1,0.00000000,0.00000000,0.00000000,0.00000000),
    ('INR','Indian Rupee',356,1,0.00000000,0.00000000,0.00000000,0.00000000),
    ('IQD','Iraqi Dinar',368,1,0.00000000,0.00000000,0.00000000,0.00000000),
    ('IRR','Iranian Rial',364,1,0.00000000,0.00000000,0.00000000,0.00000000),
    ('ISK','Iceland Krona',352,1,0.00000000,0.00000000,0.00000000,0.00000000),
    ('JMD','Jamaican Dollar',388,1,0.00000000,0.00000000,0.00000000,0.00000000),
    ('JOD','Jordanian Dinar',400,1,0.00000000,0.00000000,0.00000000,0.00000000),
    ('JPY','Yen',392,1,0.00000000,0.00000000,0.00000000,0.00000000),
    ('KES','Kenyan Shilling',404,1,0.00000000,0.00000000,0.00000000,0.00000000),
    ('KGS','Som',417,1,0.00000000,0.00000000,0.00000000,0.00000000),
    ('KHR','Riel',116,1,0.00000000,0.00000000,0.00000000,0.00000000),
    ('KMF','Comoro Franc',174,1,0.00000000,0.00000000,0.00000000,0.00000000),
    ('KPW','North Korean Won',408,1,0.00000000,0.00000000,0.00000000,0.00000000),
    ('KRW','Won',410,1,0.00000000,0.00000000,0.00000000,0.00000000),
    ('KWD','Kuwaiti Dinar',414,1,0.00000000,0.00000000,0.00000000,0.00000000),
    ('KYD','Cayman Islands Dollar',136,1,0.00000000,0.00000000,0.00000000,0.00000000),
    ('KZT','Tenge',398,1,0.00000000,0.00000000,0.00000000,0.00000000),
    ('LAK','Kip',418,1,0.00000000,0.00000000,0.00000000,0.00000000),
    ('LBP','Lebanese Pound',422,1,0.00000000,0.00000000,0.00000000,0.00000000),
    ('LKR','Sri Lanka Rupee',144,1,0.00000000,0.00000000,0.00000000,0.00000000),
    ('LRD','Liberian Dollar',430,1,0.00000000,0.00000000,0.00000000,0.00000000),
    ('LSL','Loti',426,1,0.00000000,0.00000000,0.00000000,0.00000000),
    ('LTL','Lithuanian Litas',440,1,0.00000000,0.00000000,0.00000000,0.00000000),
    ('LVL','Latvian Lats',428,1,0.00000000,0.00000000,0.00000000,0.00000000),
    ('LYD','Libyan Dinar',434,1,0.00000000,0.00000000,0.00000000,0.00000000),
    ('MAD','Moroccan Dirham',504,1,0.00000000,0.00000000,0.00000000,0.00000000),
    ('MDL','Moldovan Leu',498,1,0.00000000,0.00000000,0.00000000,0.00000000),
    ('MGA','Malagasy Ariary',969,1,0.00000000,0.00000000,0.00000000,0.00000000),
    ('MKD','Denar',807,1,0.00000000,0.00000000,0.00000000,0.00000000),
    ('MMK','Kyat',104,1,0.00000000,0.00000000,0.00000000,0.00000000),
    ('MNT','Tugrik',496,1,0.00000000,0.00000000,0.00000000,0.00000000),
    ('MOP','Pataca',446,1,0.00000000,0.00000000,0.00000000,0.00000000),
    ('MRO','Ouguiya',478,1,0.00000000,0.00000000,0.00000000,0.00000000),
    ('MUR','Mauritius Rupee',480,1,0.00000000,0.00000000,0.00000000,0.00000000),
    ('MVR','Rufiyaa',462,1,0.00000000,0.00000000,0.00000000,0.00000000),
    ('MWK','Kwacha',454,1,0.00000000,0.00000000,0.00000000,0.00000000),
    ('MXN','Mexican Peso',484,1,10.00000000,10500.00000000,10.00000000,1999.00000000),
    ('MXV','Mexican Unidad de Inversion (UDI)',979,0,0.00000000,0.00000000,0.00000000,0.00000000),
    ('MYR','Malaysian Ringgit',458,1,0.00000000,0.00000000,0.00000000,0.00000000),
    ('MZN','Metical',943,1,0.00000000,0.00000000,0.00000000,0.00000000),
    ('NAD','Namibia Dollar',516,1,0.00000000,0.00000000,0.00000000,0.00000000),
    ('NGN','Naira',566,1,0.00000000,0.00000000,0.00000000,0.00000000),
    ('NIO','Cordoba Oro',558,1,0.00000000,0.00000000,0.00000000,0.00000000),
    ('NOK','Norwegian Krone',578,1,0.00000000,0.00000000,0.00000000,0.00000000),
    ('NPR','Nepalese Rupee',524,1,0.00000000,0.00000000,0.00000000,0.00000000),
    ('NZD','New Zealand Dollar',554,1,1.29000000,1299.99000000,1.29000000,259.00000000),
    ('OMR','Rial Omani',512,1,0.00000000,0.00000000,0.00000000,0.00000000),
    ('PAB','Balboa',590,1,0.00000000,0.00000000,0.00000000,0.00000000),
    ('PEN','Nuevo Sol',604,1,0.00000000,0.00000000,0.00000000,0.00000000),
    ('PGK','Kina',598,1,0.00000000,0.00000000,0.00000000,0.00000000),
    ('PHP','Philippine Peso',608,1,0.00000000,0.00000000,0.00000000,0.00000000),
    ('PKR','Pakistan Rupee',586,1,0.00000000,0.00000000,0.00000000,0.00000000),
    ('PLN','Zloty',985,1,0.00000000,0.00000000,0.00000000,0.00000000),
    ('PYG','Guarani',600,1,0.00000000,0.00000000,0.00000000,0.00000000),
    ('QAR','Qatari Rial',634,1,0.00000000,0.00000000,0.00000000,0.00000000),
    ('RON','New Leu',946,1,0.00000000,0.00000000,0.00000000,0.00000000),
    ('RSD','Serbian Dinar',941,1,0.00000000,0.00000000,0.00000000,0.00000000),
    ('RUB','Russian Ruble',643,1,0.00000000,0.00000000,0.00000000,0.00000000),
    ('RWF','Rwanda Franc',646,1,0.00000000,0.00000000,0.00000000,0.00000000),
    ('SAR','Saudi Riyal',682,1,0.00000000,0.00000000,0.00000000,0.00000000),
    ('SBD','Solomon Islands Dollar',90,1,0.00000000,0.00000000,0.00000000,0.00000000),
    ('SCR','Seychelles Rupee',690,1,0.00000000,0.00000000,0.00000000,0.00000000),
    ('SDG','Sudanese Pound',938,1,0.00000000,0.00000000,0.00000000,0.00000000),
    ('SEK','Swedish Krona',752,1,0.00000000,0.00000000,0.00000000,0.00000000),
    ('SGD','Singapore Dollar',702,1,0.00000000,0.00000000,0.00000000,0.00000000),
    ('SHP','Saint Helena Pound',654,1,0.00000000,0.00000000,0.00000000,0.00000000),
    ('SIT','Slovenian tolar',705,1,0.00000000,0.00000000,0.00000000,0.00000000),
    ('SKK','Slovak koruna',703,1,0.00000000,0.00000000,0.00000000,0.00000000),
    ('SLL','Leone',694,1,0.00000000,0.00000000,0.00000000,0.00000000),
    ('SOS','Somali Shilling',706,1,0.00000000,0.00000000,0.00000000,0.00000000),
    ('SRD','Surinam Dollar',968,1,0.00000000,0.00000000,0.00000000,0.00000000),
    ('STD','Dobra',678,1,0.00000000,0.00000000,0.00000000,0.00000000),
    ('SVC','El Salvador Colon',222,1,0.00000000,0.00000000,0.00000000,0.00000000),
    ('SYP','Syrian Pound',760,1,0.00000000,0.00000000,0.00000000,0.00000000),
    ('SZL','Lilangeni',748,1,0.00000000,0.00000000,0.00000000,0.00000000),
    ('THB','Baht',764,1,0.00000000,0.00000000,0.00000000,0.00000000),
    ('TJS','Somoni',972,1,0.00000000,0.00000000,0.00000000,0.00000000),
    ('TMM','Turkmenistani manat',795,1,0.00000000,0.00000000,0.00000000,0.00000000),
    ('TMT','Manat',934,1,0.00000000,0.00000000,0.00000000,0.00000000),
    ('TND','Tunisian Dinar',788,1,0.00000000,0.00000000,0.00000000,0.00000000),
    ('TOP','Pa\'anga',776,1,0.00000000,0.00000000,0.00000000,0.00000000),
    ('TRY','Turkish Lira',949,1,0.00000000,0.00000000,0.00000000,0.00000000),
    ('TTD','Trinidad and Tobago Dollar',780,1,0.00000000,0.00000000,0.00000000,0.00000000),
    ('TWD','New Taiwan Dollar',901,1,0.00000000,0.00000000,0.00000000,0.00000000),
    ('TZS','Tanzanian Shilling',834,1,0.00000000,0.00000000,0.00000000,0.00000000),
    ('UAH','Hryvnia',980,1,0.00000000,0.00000000,0.00000000,0.00000000),
    ('UGX','Uganda Shilling',800,1,0.00000000,0.00000000,0.00000000,0.00000000),
    ('USD','Dollar',1,1,0.99000000,999.99000000,0.99000000,199.00000000),
    ('USN','US Dollar (Next day)',997,0,0.00000000,0.00000000,0.00000000,0.00000000),
    ('USS','US Dollar (Same day)',998,0,0.00000000,0.00000000,0.00000000,0.00000000),
    ('UYI','Uruguay Peso en Unidades Indexadas',940,0,0.00000000,0.00000000,0.00000000,0.00000000),
    ('UYU','Peso Uruguayo',858,1,0.00000000,0.00000000,0.00000000,0.00000000),
    ('UZS','Uzbekistan Sum',860,1,0.00000000,0.00000000,0.00000000,0.00000000),
    ('VEB','Venezuelan bolívar',862,1,0.00000000,0.00000000,0.00000000,0.00000000),
    ('VEF','Bolivar Fuerte',937,1,0.00000000,0.00000000,0.00000000,0.00000000),
    ('VND','Dong',704,1,0.00000000,0.00000000,0.00000000,0.00000000),
    ('VUV','Vatu',548,1,0.00000000,0.00000000,0.00000000,0.00000000),
    ('WST','Tala',882,1,0.00000000,0.00000000,0.00000000,0.00000000),
    ('XAF','CFA Franc BEAC',950,1,0.00000000,0.00000000,0.00000000,0.00000000),
    ('XAU','Gold',959,0,0.00000000,0.00000000,0.00000000,0.00000000),
    ('XBA','Bond Markets Units European Composite Unit (EURCO)',955,0,0.00000000,0.00000000,0.00000000,0.00000000),
    ('XBB','European Monetary Unit (E.M.U.-6)',956,0,0.00000000,0.00000000,0.00000000,0.00000000),
    ('XBC','European Unit of Account 9(E.U.A.-9)',957,0,0.00000000,0.00000000,0.00000000,0.00000000),
    ('XBD','European Unit of Account 17(E.U.A.-17)',958,0,0.00000000,0.00000000,0.00000000,0.00000000),
    ('XCD','East Caribbean Dollar',951,1,0.00000000,0.00000000,0.00000000,0.00000000),
    ('XOF','CFA Franc BCEAO',952,1,0.00000000,0.00000000,0.00000000,0.00000000),
    ('XPF','CFP Franc',953,1,0.00000000,0.00000000,0.00000000,0.00000000),
    ('YER','Yemeni Rial',886,1,0.00000000,0.00000000,0.00000000,0.00000000),
    ('ZAR','Rand',710,1,0.00000000,0.00000000,0.00000000,0.00000000),
    ('ZMK','Zambian Kwacha',894,1,0.00000000,0.00000000,0.00000000,0.00000000),
    ('ZWL','Zimbabwe Dollar',932,1,0.00000000,0.00000000,0.00000000,0.00000000);

# Dump of table jos_dp_common_language
# ------------------------------------------------------------
INSERT IGNORE INTO jos_dp_common_language (ID, CODE, NAME, DESCRIPTION)
VALUES
    (0,'en','English',NULL),
    (1,'fr','French',NULL),
    (2,'de','German',NULL),
    (3,'it','Italian',NULL),
    (4,'es','Spanish',NULL),
    (6,'ja','Japanese',NULL),
    (7,'nl','Dutch',NULL),
    (8,'aa','Afar',NULL),
    (9,'ab','Abkhazian',NULL),
    (10,'af','Afrikaans',NULL),
    (11,'am','Amharic',NULL),
    (12,'ar','Arabic',NULL),
    (13,'as','Assamese',NULL),
    (14,'ay','Aymara',NULL),
    (15,'az','Azerbaijani',NULL),
    (16,'ba','Bashkir',NULL),
    (17,'be','Byelorussian',NULL),
    (18,'bg','Bulgarian',NULL),
    (19,'bh','Bihari',NULL),
    (20,'bi','Bislama',NULL),
    (21,'bn','Bengali; Bangla',NULL),
    (22,'bo','Tibetan',NULL),
    (23,'br','Breton',NULL),
    (24,'ca','Catalan',NULL),
    (25,'co','Corsican',NULL),
    (26,'cs','Czech',NULL),
    (27,'cy','Welsh',NULL),
    (28,'da','Danish',NULL),
    (29,'dz','Bhutani',NULL),
    (30,'el','Greek',NULL),
    (31,'eo','Esperanto',NULL),
    (32,'et','Estonian',NULL),
    (33,'eu','Basque',NULL),
    (34,'fa','Persian',NULL),
    (35,'fi','Finnish',NULL),
    (36,'fj','Fiji',NULL),
    (37,'fo','Faeroese',NULL),
    (38,'fy','Frisian',NULL),
    (39,'ga','Irish',NULL),
    (40,'gd','Scots Gaelic',NULL),
    (41,'gl','Galician',NULL),
    (42,'gn','Guarani',NULL),
    (43,'gu','Gujarati',NULL),
    (44,'ha','Hausa',NULL),
    (45,'hi','Hindi',NULL),
    (46,'hr','Croatian',NULL),
    (47,'hu','Hungarian',NULL),
    (48,'hy','Armenian',NULL),
    (49,'ia','Interlingua',NULL),
    (50,'ie','Interlingue',NULL),
    (51,'ik','Inupiak',NULL),
    (52,'in','Indonesian',NULL),
    (53,'is','Icelandic',NULL),
    (54,'iw','Hebrew',NULL),
    (55,'ji','Yiddish',NULL),
    (56,'jw','Javanese',NULL),
    (57,'ka','Georgian',NULL),
    (58,'kk','Kazakh',NULL),
    (59,'kl','Greenlandic',NULL),
    (60,'km','Cambodian',NULL),
    (61,'kn','Kannada',NULL),
    (62,'ko','Korean',NULL),
    (63,'ks','Kashmiri',NULL),
    (64,'ku','Kurdish',NULL),
    (65,'ky','Kirghiz',NULL),
    (66,'la','Latin',NULL),
    (67,'ln','Lingala',NULL),
    (68,'lo','Laothian',NULL),
    (69,'lt','Lithuanian',NULL),
    (70,'lv','Latvian',NULL),
    (71,'mg','Malagasy',NULL),
    (72,'mi','Maori',NULL),
    (73,'mk','Macedonian',NULL),
    (74,'ml','Malayalam',NULL),
    (75,'mn','Mongolian',NULL),
    (76,'mo','Moldavian',NULL),
    (77,'mr','Marathi',NULL),
    (78,'ms','Malay',NULL),
    (79,'mt','Maltese',NULL),
    (80,'my','Burmese',NULL),
    (81,'na','Nauru',NULL),
    (82,'ne','Nepali',NULL),
    (83,'no','Norwegian',NULL),
    (84,'oc','Occitan',NULL),
    (85,'om','(Afan) Oromo',NULL),
    (86,'or','Oriya',NULL),
    (87,'pa','Punjabi',NULL),
    (88,'pl','Polish',NULL),
    (89,'ps','Pashto',NULL),
    (90,'pt','Portuguese',NULL),
    (91,'qu','Quechua',NULL),
    (92,'rm','Rhaeto-Romance',NULL),
    (93,'rn','Kirundi',NULL),
    (94,'ro','Romanian',NULL),
    (95,'ru','Russian',NULL),
    (96,'rw','Kinyarwanda',NULL),
    (97,'sa','Sanskrit',NULL),
    (98,'sd','Sindhi',NULL),
    (99,'sg','Sangro',NULL),
    (100,'sh','Serbo-Croatian',NULL),
    (101,'si','Singhalese',NULL),
    (102,'sk','Slovak',NULL),
    (103,'sl','Slovenian',NULL),
    (104,'sm','Samoan',NULL),
    (105,'sn','Shona',NULL),
    (106,'so','Somali',NULL),
    (107,'sq','Albanian',NULL),
    (108,'sr','Serbian',NULL),
    (109,'ss','Siswati',NULL),
    (110,'st','Sesotho',NULL),
    (111,'su','Sundanese',NULL),
    (112,'sv','Swedish',NULL),
    (113,'sw','Swahili',NULL),
    (114,'ta','Tamil',NULL),
    (115,'te','Tegulu',NULL),
    (116,'tg','Tajik',NULL),
    (117,'th','Thai',NULL),
    (118,'ti','Tigrinya',NULL),
    (119,'tk','Turkmen',NULL),
    (120,'tl','Tagalog',NULL),
    (121,'tn','Setswana',NULL),
    (122,'to','Tonga',NULL),
    (123,'tr','Turkish',NULL),
    (124,'ts','Tsonga',NULL),
    (125,'tt','Tatar',NULL),
    (126,'tw','Twi',NULL),
    (127,'uk','Ukrainian',NULL),
    (128,'ur','Urdu',NULL),
    (129,'uz','Uzbek',NULL),
    (130,'vi','Vietnamese',NULL),
    (131,'vo','Volapuk',NULL),
    (132,'wo','Wolof',NULL),
    (133,'xh','Xhosa',NULL),
    (134,'yo','Yoruba',NULL),
    (135,'zh','Chinese',NULL),
    (136,'zu','Zulu',NULL),
    (137,'nb','Norwegian (1)',NULL);

# Dump of table jos_dp_common_locale
# ------------------------------------------------------------

# Dump of table jos_dp_common_os_version
# ------------------------------------------------------------
INSERT IGNORE INTO jos_dp_common_os_version (id, version_major, version_minor, version_rev, os_name, isenabled, code_name, normalized_version_major, normalized_version_minor, normalized_version_fix, platform_id)
VALUES
    (950400,95,4,0,'iOS 4.0',1,'',95,4,0,7),
    (950401,95,4,1,'iOS 4.0.1',1,'',95,4,1,7),
    (950402,95,4,2,'iOS 4.0.2',1,'',95,4,2,7),
    (950410,95,4,10,'iOS 4.1',1,'',95,4,10,7),
    (950420,95,4,20,'iOS 4.2',1,'',95,4,20,7),
    (950421,95,4,21,'iOS 4.2.1',1,'',95,4,21,7),
    (950425,95,4,25,'iOS 4.2.5',1,'',95,4,25,7),
    (950426,95,4,26,'iOS 4.2.6',1,'',95,4,26,7),
    (950427,95,4,27,'iOS 4.2.7',1,'',95,4,27,7),
    (950428,95,4,28,'iOS 4.2.8',1,'',95,4,28,7),
    (950429,95,4,29,'iOS 4.2.9',1,'',95,4,29,7),
    (950430,95,4,30,'iOS 4.3',1,'',95,4,30,7),
    (950431,95,4,31,'iOS 4.3.1',1,'',95,4,31,7),
    (950432,95,4,32,'iOS 4.3.2',1,'',95,4,32,7),
    (950433,95,4,33,'iOS 4.3.3',1,'',95,4,33,7),
    (950434,95,4,34,'iOS 4.3.4',1,'',95,4,34,7),
    (950435,95,4,35,'iOS 4.3.5',1,'',95,4,35,7),
    (950500,95,5,0,'iOS 5.0',1,'',95,5,0,7),
    (950501,95,5,1,'iOS 5.0.1',1,'',95,5,1,7),
    (950510,95,5,10,'iOS 5.1',1,'',95,5,10,7),
    (950511,95,5,11,'iOS 5.1.1',1,'',95,5,1,7),
    (950600,95,6,0,'iOS 6.0',1,'',95,6,0,7),
    (950601,95,6,1,'iOS 6.0.1',1,'',95,6,1,7),
    (950610,95,6,10,'iOS 6.1',1,'',95,6,10,7),
    (950611,95,6,11,'iOS 6.1.1',1,'',95,6,11,7),
    (950612,95,6,12,'iOS 6.1.2',1,'',95,6,12,7),
    (950613,95,6,13,'iOS 6.1.3',1,'',95,6,13,7),
    (950620,95,6,20,'iOS 6.2',1,'',95,6,20,7),
    (960100,96,1,0,'Android 1.0',1,'BASE',96,1,0,6),
    (960110,96,1,10,'Android 1.1',1,'BASE_1_1',96,1,10,6),
    (960150,96,1,50,'Android 1.5',1,'CUPCAKE',96,1,50,6),
    (960160,96,1,60,'Android 1.6',1,'DONUT',96,1,60,6),
    (960200,96,2,0,'Android 2.0',1,'ECLAIR',96,2,0,6),
    (960201,96,2,1,'Android 2.0.1',1,'ECLAIR',96,2,1,6),
    (960210,96,2,10,'Android 2.1.x',1,'ECLAIR_0_1',96,2,10,6),
    (960220,96,2,20,'Android 2.2.x',1,'FROYO',96,2,20,6),
    (960230,96,2,30,'Android 2.3',1,'GINGERBREAD',96,2,30,6),
    (960231,96,2,31,'Android 2.3.1',1,'GINGERBREAD',96,2,31,6),
    (960232,96,2,32,'Android 2.3.2',1,'GINGERBREAD',96,2,32,6),
    (960233,96,2,33,'Android 2.3.3',1,'GINGERBREAD_MR1',96,2,33,6),
    (960234,96,2,34,'Android 2.3.4',1,'GINGERBREAD_MR1',96,2,34,6),
    (960300,96,3,0,'Android 3.0.x',1,'HONEYCOMB',96,3,0,6),
    (960310,96,3,10,'Android 3.1.x',1,'HONEYCOMB_MR1',96,3,10,6),
    (960320,96,3,20,'Android 3.2',1,'HONEYCOMB_MR2',96,3,20,6),
    (960400,96,4,0,'Android 4.0',1,'ICE_CREAM_SANDWICH',96,4,0,6),
    (960401,96,4,1,'Android 4.0.1',1,'ICE_CREAM_SANDWICH',96,4,1,6),
    (960402,96,4,2,'Android 4.0.2',1,'ICE_CREAM_SANDWICH',96,4,2,6),
    (960403,96,4,3,'Android 4.0.3',1,'ICE_CREAM_SANDWICH',96,4,3,6),
    (960404,96,4,4,'Android 4.0.4',1,'ICE_CREAM_SANDWICH_MR1',96,4,4,6),
    (960410,96,4,10,'Android 4.1.0',1,'JELLY_BEAN',96,4,10,6),
    (960411,96,4,11,'Android 4.1.1',1,'JELLY_BEAN',96,4,11,6),
    (960412,96,4,12,'Android 4.1.2',1,'JELLY_BEAN',96,4,12,6),
    (960420,96,4,20,'Android 4.2',1,'JELLY_BEAN_MR1',96,4,20,6),
    (990005,99,0,5,'Windows XP',0,'XP',99,0,5,2),
    (990006,99,0,6,'Windows Vista',0,'Vista',99,0,6,2),
    (990007,99,0,7,'Windows 7',0,'7',99,0,7,2),
    (990510,995,1,32,'Windows XP - 32 Bit ',1,'8',995,0,8,2),
    (990600,996,0,32,'Windows Vista - 32 Bit ',0,'8',995,0,8,2),
    (990610,996,1,32,'Windows 7 - 32 Bit ',1,'8',996,0,8,2),
    (990620,996,2,32,'Windows 8 - 32 Bit ',1,'8',996,0,8,2),
    (991510,995,1,64,'Windows XP - 64 Bit ',1,'8',995,0,8,2),
    (991600,996,0,64,'Windows Vista - 64 Bit ',0,'8',996,0,8,2),
    (991610,996,1,64,'Windows 7 - 64 Bit ',1,'8',996,0,8,2),
    (991620,996,2,64,'Windows 8 - 64 Bit ',1,'8',996,0,8,2);

# Dump of table jos_dp_country
# ------------------------------------------------------------
INSERT IGNORE INTO jos_dp_country (country_code, country_name, banned_country)
VALUES
    ('A1','Anonymous Proxy',1),
    ('A2','Satellite Provider',1),
    ('AD','Andorra',1),
    ('AE','United Arab Emirates',0),
    ('AF','Afghanistan',1),
    ('AG','Antigua and Barbuda',1),
    ('AI','Anguilla',1),
    ('AL','Albania',1),
    ('AM','Armenia',1),
    ('AN','Netherlands Antilles',1),
    ('AO','Angola',1),
    ('AP','Asia/Pacific Region',1),
    ('AQ','Antarctica',1),
    ('AR','Argentina',0),
    ('AS','American Samoa',1),
    ('AT','Austria',0),
    ('AU','Australia',0),
    ('AW','Aruba',1),
    ('AX','Aland Islands',1),
    ('AZ','Azerbaijan',1),
    ('BA','Bosnia and Herzegovina',1),
    ('BB','Barbados',1),
    ('BD','Bangladesh',1),
    ('BE','Belgium',0),
    ('BF','Burkina Faso',1),
    ('BG','Bulgaria',0),
    ('BH','Bahrain',1),
    ('BI','Burundi',1),
    ('BJ','Benin',1),
    ('BM','Bermuda',1),
    ('BN','Brunei Darussalam',1),
    ('BO','Bolivia',1),
    ('BR','Brazil',0),
    ('BS','Bahamas',1),
    ('BT','Bhutan',1),
    ('BV','Bouvet Island',1),
    ('BW','Botswana',1),
    ('BY','Belarus',1),
    ('BZ','Belize',1),
    ('CA','Canada',0),
    ('CC','Cocos (Keeling) Islands',1),
    ('CD','Congo, The Democratic Republic of the',1),
    ('CF','Central African Republic',1),
    ('CG','Congo',1),
    ('CH','Switzerland',0),
    ('CI','Cote d\'Ivoire',1),
    ('CK','Cook Islands',1),
    ('CL','Chile',0),
    ('CM','Cameroon',1),
    ('CN','China',0),
    ('CO','Colombia',1),
    ('CR','Costa Rica',0),
    ('CU','Cuba',1),
    ('CV','Cape Verde',1),
    ('CX','Christmas Island',1),
    ('CY','Cyprus',0),
    ('CZ','Czech Republic',0),
    ('DE','Germany',0),
    ('DJ','Djibouti',1),
    ('DK','Denmark',0),
    ('DM','Dominica',1),
    ('DO','Dominican Republic',0),
    ('DZ','Algeria',1),
    ('EC','Ecuador',0),
    ('EE','Estonia',0),
    ('EG','Egypt',1),
    ('EH','Western Sahara',1),
    ('ER','Eritrea',1),
    ('ES','Spain',0),
    ('ET','Ethiopia',1),
    ('EU','Europe',1),
    ('FI','Finland',0),
    ('FJ','Fiji',1),
    ('FK','Falkland Islands (Malvinas)',1),
    ('FM','Micronesia, Federated States of',1),
    ('FO','Faroe Islands',1),
    ('FR','France',0),
    ('GA','Gabon',1),
    ('GB','United Kingdom',0),
    ('GD','Grenada',1),
    ('GE','Georgia',1),
    ('GF','French Guiana',0),
    ('GG','Guernsey',1),
    ('GH','Ghana',1),
    ('GI','Gibraltar',0),
    ('GL','Greenland',1),
    ('GM','Gambia',1),
    ('GN','Guinea',1),
    ('GP','Guadeloupe',0),
    ('GQ','Equatorial Guinea',1),
    ('GR','Greece',0),
    ('GS','South Georgia and the South Sandwich Islands',1),
    ('GT','Guatemala',1),
    ('GU','Guam',1),
    ('GW','Guinea-Bissau',1),
    ('GY','Guyana',1),
    ('HK','Hong Kong',0),
    ('HM','Heard Island and McDonald Islands',1),
    ('HN','Honduras',1),
    ('HR','Croatia',1),
    ('HT','Haiti',1),
    ('HU','Hungary',0),
    ('ID','Indonesia',0),
    ('IE','Ireland',0),
    ('IL','Israel',0),
    ('IM','Isle of Man',1),
    ('IN','India',0),
    ('IO','British Indian Ocean Territory',1),
    ('IQ','Iraq',1),
    ('IR','Iran, Islamic Republic of',1),
    ('IS','Iceland',0),
    ('IT','Italy',0),
    ('JE','Jersey',1),
    ('JM','Jamaica',0),
    ('JO','Jordan',1),
    ('JP','Japan',0),
    ('KE','Kenya',1),
    ('KG','Kyrgyzstan',1),
    ('KH','Cambodia',1),
    ('KI','Kiribati',1),
    ('KM','Comoros',1),
    ('KN','Saint Kitts and Nevis',1),
    ('KP','Korea, Democratic People\'s Republic of',1),
    ('KR','Korea, Republic of',0),
    ('KW','Kuwait',1),
    ('KY','Cayman Islands',1),
    ('KZ','Kazakhstan',1),
    ('LA','Lao People\'s Democratic Republic',1),
    ('LB','Lebanon',1),
    ('LC','Saint Lucia',1),
    ('LI','Liechtenstein',0),
    ('LK','Sri Lanka',1),
    ('LR','Liberia',1),
    ('LS','Lesotho',1),
    ('LT','Lithuania',0),
    ('LU','Luxembourg',0),
    ('LV','Latvia',0),
    ('LY','Libyan Arab Jamahiriya',1),
    ('MA','Morocco',1),
    ('MC','Monaco',1),
    ('MD','Moldova, Republic of',1),
    ('ME','Montenegro',1),
    ('MG','Madagascar',1),
    ('MH','Marshall Islands',1),
    ('MK','Macedonia',1),
    ('ML','Mali',1),
    ('MM','Myanmar',1),
    ('MN','Mongolia',1),
    ('MO','Macao',1),
    ('MP','Northern Mariana Islands',1),
    ('MQ','Martinique',0),
    ('MR','Mauritania',1),
    ('MS','Montserrat',1),
    ('MT','Malta',0),
    ('MU','Mauritius',1),
    ('MV','Maldives',1),
    ('MW','Malawi',1),
    ('MX','Mexico',0),
    ('MY','Malaysia',0),
    ('MZ','Mozambique',1),
    ('NA','Namibia',1),
    ('NC','New Caledonia',1),
    ('NE','Niger',1),
    ('NF','Norfolk Island',1),
    ('NG','Nigeria',1),
    ('NI','Nicaragua',1),
    ('NL','Netherlands',0),
    ('NO','Norway',0),
    ('NP','Nepal',1),
    ('NR','Nauru',1),
    ('NU','Niue',1),
    ('NZ','New Zealand',0),
    ('O1','Other Country',1),
    ('OM','Oman',1),
    ('PA','Panama',1),
    ('PE','Peru',1),
    ('PF','French Polynesia',1),
    ('PG','Papua New Guinea',1),
    ('PH','Philippines',0),
    ('PK','Pakistan',1),
    ('PL','Poland',0),
    ('PM','Saint Pierre and Miquelon',1),
    ('PN','Pitcairn',1),
    ('PR','Puerto Rico',1),
    ('PS','Palestinian Territory',1),
    ('PT','Portugal',0),
    ('PW','Palau',1),
    ('PY','Paraguay',1),
    ('QA','Qatar',1),
    ('RE','Reunion',0),
    ('RO','Romania',0),
    ('RS','Serbia',1),
    ('RU','Russian Federation',1),
    ('RW','Rwanda',1),
    ('SA','Saudi Arabia',1),
    ('SB','Solomon Islands',1),
    ('SC','Seychelles',1),
    ('SD','Sudan',1),
    ('SE','Sweden',0),
    ('SG','Singapore',0),
    ('SH','Saint Helena',1),
    ('SI','Slovenia',1),
    ('SJ','Svalbard and Jan Mayen',1),
    ('SK','Slovakia',0),
    ('SL','Sierra Leone',1),
    ('SM','San Marino',0),
    ('SN','Senegal',1),
    ('SO','Somalia',0),
    ('SR','Suriname',1),
    ('ST','Sao Tome and Principe',1),
    ('SV','El Salvador',1),
    ('SY','Syrian Arab Republic',1),
    ('SZ','Swaziland',1),
    ('TC','Turks and Caicos Islands',1),
    ('TD','Chad',1),
    ('TF','French Southern Territories',1),
    ('TG','Togo',1),
    ('TH','Thailand',0),
    ('TJ','Tajikistan',1),
    ('TK','Tokelau',1),
    ('TL','Timor-Leste',1),
    ('TM','Turkmenistan',1),
    ('TN','Tunisia',1),
    ('TO','Tonga',1),
    ('TR','Turkey',0),
    ('TT','Trinidad and Tobago',1),
    ('TV','Tuvalu',1),
    ('TW','Taiwan',0),
    ('TZ','Tanzania, United Republic of',1),
    ('UA','Ukraine',1),
    ('UG','Uganda',1),
    ('UM','United States Minor Outlying Islands',1),
    ('US','United States',0),
    ('UY','Uruguay',0),
    ('UZ','Uzbekistan',1),
    ('VA','Holy See (Vatican City State)',1),
    ('VC','Saint Vincent and the Grenadines',1),
    ('VE','Venezuela',0),
    ('VG','Virgin Islands, British',1),
    ('VI','Virgin Islands, U.S.',1),
    ('VN','Vietnam',1),
    ('VU','Vanuatu',1),
    ('WF','Wallis and Futuna',1),
    ('WS','Samoa',1),
    ('YE','Yemen',1),
    ('YT','Mayotte',1),
    ('ZA','South Africa',1),
    ('ZM','Zambia',1),
    ('ZW','Zimbabwe',1);

# Dump of table jos_dp_device_model_family
# ------------------------------------------------------------
INSERT IGNORE INTO jos_dp_device_model_family (device_model_family_id, ac_family_code, family_name, is_enabled, os3_emulator_device_id, model_family_group_id, model_family_type_id, min_os_version_id, max_os_version_id, release_date, platform_id)
VALUES
    (1000,1000,'Windows PC',1,1001,1000,1000,990005,990007,'1970-01-01 00:00:01',2),
    (1300,1300,'Small',1,1300,1300,1300,960100,960403,'1970-01-01 00:00:01',6),
    (1301,1300,'Normal',1,1300,1300,1300,960100,960403,'1970-01-01 00:00:01',6),
    (1302,1300,'Large',1,1300,1300,1300,960100,960403,'1970-01-01 00:00:01',6),
    (1303,1300,'XLarge ',1,1300,1300,1300,960100,960403,'1970-01-01 00:00:01',6),
    (1400,1400,'iPhone2G',1,1400,1400,1400,950400,950420,'0000-00-00 00:00:00',7),
    (1401,1401,'iPhone3G',1,1400,1400,1400,950400,950600,'0000-00-00 00:00:00',7),
    (1402,1402,'iPhone3GS',1,1400,1400,1400,950400,950600,'0000-00-00 00:00:00',7),
    (1403,1403,'iPhone4',1,1400,1400,1400,950400,950600,'0000-00-00 00:00:00',7),
    (1404,1404,'iPhone4S',1,1400,1400,1400,950500,950600,'0000-00-00 00:00:00',7),
    (1405,1405,'iPhone5',1,1400,1400,1400,950600,950600,'0000-00-00 00:00:00',7),
    (1406,1406,'iPad',1,1400,1401,1400,950400,950510,'0000-00-00 00:00:00',7),
    (1407,1407,'iPad2',1,1400,1401,1400,950430,950600,'0000-00-00 00:00:00',7),
    (1408,1408,'iPad3',1,1400,1401,1400,950510,950600,'0000-00-00 00:00:00',7),
    (1409,1409,'iPad4',1,1400,1401,1400,950600,950600,'0000-00-00 00:00:00',7),
    (1410,1410,'iPad mini',1,1400,1402,1400,950600,950600,'0000-00-00 00:00:00',7),
    (1411,1411,'iPod Touch2',1,1400,1403,1400,950400,950420,'0000-00-00 00:00:00',7),
    (1412,1412,'iPod Touch3',1,1400,1403,1400,950400,950510,'0000-00-00 00:00:00',7),
    (1413,1413,'iPod Touch4',1,1400,1403,1400,950410,950600,'0000-00-00 00:00:00',7),
    (1414,1414,'iPod Touch5',1,1400,1403,1400,950600,950600,'0000-00-00 00:00:00',7);

# Dump of table jos_dp_device_model_family_group
# ------------------------------------------------------------
INSERT IGNORE INTO jos_dp_device_model_family_group (device_model_family_group_id, group_label, image_width, image_height)
VALUES
    (1000,'PC',320,480),
    (1300,'Android',320,480),
    (1400,'iPhone',320,480),
    (1401,'iPad',320,480),
    (1402,'iPad mini',320,480),
    (1403,'iPod Touch',320,480);

# Dump of table jos_dp_device_model_family_type
# ------------------------------------------------------------
INSERT IGNORE INTO jos_dp_device_model_family_type (device_model_family_type_id, type_label)
VALUES
    (1000,'PC'),
    (1300,'Android'),
    (1400,'iOS');

# Dump of table jos_dp_device_models
# ------------------------------------------------------------
INSERT IGNORE INTO jos_dp_device_models (model_id, model_name)
VALUES
    (1,'Palm Pre'),
    (2,'Palm Pixi'),
    (3,'Topaz');

# Dump of table jos_dp_distribution_types
# ------------------------------------------------------------
INSERT IGNORE INTO jos_dp_distribution_types (distribution_type_id, distribution_type_name)
VALUES
    ('D','App Catalog'),
    ('B','Beta Application'),
    ('W','Web Distribution');

# Dump of table jos_dp_payment_types
# ------------------------------------------------------------
INSERT IGNORE INTO jos_dp_payment_types (payment_type_code, payment_type_description)
VALUES
    ('CC','Credit Card'),
    ('OB','Operator Billing'),
    ('PC','Promo Code');

# Dump of table jos_dp_price_tier
# ------------------------------------------------------------
INSERT IGNORE INTO jos_dp_price_tier (pricetierid, pricetier)
VALUES
    (1,'Free'),
    (2,'Price Tier1');

# Dump of table jos_dp_pricetypes
# ------------------------------------------------------------
INSERT IGNORE INTO jos_dp_pricetypes (pricecode, pricetype, isenabled)
VALUES
    ('O','One Time',1);

# Dump of table jos_dp_program_types
# ------------------------------------------------------------
INSERT IGNORE INTO jos_dp_program_types (id, program_type)
VALUES
    ('D','Program C');

# Dump of table jos_dp_state
# ------------------------------------------------------------
INSERT IGNORE INTO `jos_dp_state` (`state_code`, `country_code`, `state_name`) VALUES
('',        'AD',        'None'),
('',        'AE',        'None'),
('',        'AF',        'None'),
('',        'AG',        'None'),
('',        'AI',        'None'),
('',        'AL',        'None'),
('',        'AM',        'None'),
('',        'AN',        'None'),
('',        'AO',        'None'),
('',        'AQ',        'None'),
('',        'AR',        'None'),
('00',        'AR',        'Capital Federal'),
('01',        'AR',        'Buenos Aires'),
('02',        'AR',        'Catamarca'),
('03',        'AR',        'Córdoba'),
('04',        'AR',        'Corrientes'),
('05',        'AR',        'Entre Rios'),
('06',        'AR',        'Jujuy'),
('07',        'AR',        'Mendoza'),
('08',        'AR',        'La Rioja'),
('09',        'AR',        'Salta'),
('10',        'AR',        'San Juan'),
('11',        'AR',        'San Luis'),
('12',        'AR',        'Santa Fé'),
('13',        'AR',        'Santiago del Este'),
('14',        'AR',        'Tucumán'),
('16',        'AR',        'Chaco'),
('17',        'AR',        'Chubut'),
('18',        'AR',        'Formosa'),
('19',        'AR',        'Misiones'),
('20',        'AR',        'Neuquen'),
('21',        'AR',        'La Pampa'),
('22',        'AR',        'Rio Negro'),
('23',        'AR',        'Santa Cruz'),
('24',        'AR',        'Tierra de Fuego'),
('',        'AS',        'None'),
('',        'AT',        'None'),
('B',        'AT',        'Burgenland'),
('K',        'AT',        'Carinthia'),
('NÖ',        'AT',        'Lower Austria'),
('OÖ',        'AT',        'Upper Austria'),
('S',        'AT',        'Salzburg'),
('ST',        'AT',        'Styria'),
('T',        'AT',        'Tyrol'),
('V',        'AT',        'Vorarlberg'),
('W',        'AT',        'Vienna'),
('',        'AU',        'None'),
('ACT',        'AU',        'Aust Capital Terr'),
('NSW',        'AU',        'New South Wales'),
('NT',        'AU',        'Northern Territor'),
('QLD',        'AU',        'Queensland'),
('SA',        'AU',        'South Australia'),
('TAS',        'AU',        'Tasmania'),
('VIC',        'AU',        'Victoria'),
('WA',        'AU',        'Western Australia'),
('',        'AW',        'None'),
('',        'AX',        'None'),
('',        'AZ',        'None'),
('',        'BA',        'None'),
('',        'BB',        'None'),
('',        'BD',        'None'),
('',        'BE',        'None'),
('01',        'BE',        'Antwerp'),
('02',        'BE',        'Brabant'),
('03',        'BE',        'Hainaut'),
('04',        'BE',        'Liege'),
('05',        'BE',        'Limburg'),
('06',        'BE',        'Luxembourg'),
('07',        'BE',        'Namur'),
('08',        'BE',        'Oost-Vlaanderen'),
('09',        'BE',        'West-Vlaanderen'),
('',        'BF',        'None'),
('',        'BG',        'None'),
('01',        'BG',        'Burgas'),
('02',        'BG',        'Grad Sofiya'),
('03',        'BG',        'Khaskovo'),
('04',        'BG',        'Lovech'),
('05',        'BG',        'Montana'),
('06',        'BG',        'Plovdiv'),
('07',        'BG',        'Ruse'),
('08',        'BG',        'Sofiya'),
('09',        'BG',        'Varna'),
('',        'BH',        'None'),
('',        'BI',        'None'),
('',        'BJ',        'None'),
('',        'BM',        'None'),
('',        'BN',        'None'),
('',        'BO',        'None'),
('AC',        'BR',        'Acre'),
('AL',        'BR',        'Alagoas'),
('AM',        'BR',        'Amazon'),
('AP',        'BR',        'Amapá'),
('BA',        'BR',        'Bahia'),
('CE',        'BR',        'Ceará'),
('DF',        'BR',        'Brasília'),
('ES',        'BR',        'Espírito San'),
('GO',        'BR',        'Goiás'),
('MA',        'BR',        'Maranhão'),
('MG',        'BR',        'Minas Gerais'),
('MS',        'BR',        'Mato Grosso'),
('MT',        'BR',        'Mato Grosso'),
('PA',        'BR',        'Para'),
('PB',        'BR',        'Paraíba'),
('PE',        'BR',        'Pernambuco'),
('PI',        'BR',        'Piauí'),
('PR',        'BR',        'Paraná'),
('RJ',        'BR',        'Rio de Janeiro'),
('RN',        'BR',        'Rio Grande do Nor'),
('RO',        'BR',        'Rondônia'),
('RR',        'BR',        'Roraima'),
('RS',        'BR',        'Rio Grande do Sul'),
('SC',        'BR',        'Santa Catarina'),
('SE',        'BR',        'Sergipe'),
('SP',        'BR',        'São Paulo'),
('TO',        'BR',        'Tocantins'),
('',        'BS',        'None'),
('',        'BT',        'None'),
('',        'BV',        'None'),
('',        'BW',        'None'),
('',        'BY',        'None'),
('',        'BZ',        'None'),
('AB',        'CA',        'Alberta'),
('BC',        'CA',        'British Columbia'),
('MB',        'CA',        'Manitoba'),
('NB',        'CA',        'New Brunswick'),
('NL',        'CA',        'Newfoundland and Labrador'),
('NS',        'CA',        'Nova Scotia'),
('NT',        'CA',        'Northwest Territo'),
('ON',        'CA',        'Ontario'),
('PE',        'CA',        'Prince Edward Isl'),
('QC',        'CA',        'Quebec'),
('SK',        'CA',        'Saskatchewan'),
('YT',        'CA',        'Yukon Territory'),
('ZZ',        'CA',        'Beyond The Limits'),
('',        'CC',        'None'),
('',        'CD',        'None'),
('',        'CF',        'None'),
('',        'CG',        'None'),
('',        'CH',        'None'),
('AG',        'CH',        'Aargau'),
('AI',        'CH',        'Inner-Rhoden'),
('AR',        'CH',        'Ausser-Rhoden'),
('BE',        'CH',        'Bern'),
('BL',        'CH',        'Basel Land'),
('BS',        'CH',        'Basel Stadt'),
('FR',        'CH',        'Fribourg'),
('GE',        'CH',        'Geneva'),
('GL',        'CH',        'Glarus'),
('GR',        'CH',        'Graubuenden'),
('JU',        'CH',        'Jura'),
('LU',        'CH',        'Lucerne'),
('NE',        'CH',        'Neuchatel'),
('NW',        'CH',        'Nidwalden'),
('OW',        'CH',        'Obwalden'),
('SG',        'CH',        'St. Gallen'),
('SH',        'CH',        'Schaffhausen'),
('SO',        'CH',        'Solothurn'),
('SZ',        'CH',        'Schwyz'),
('TG',        'CH',        'Thurgau'),
('TI',        'CH',        'Ticino'),
('UR',        'CH',        'Uri'),
('VD',        'CH',        'Vaud'),
('VS',        'CH',        'Valais'),
('ZG',        'CH',        'Zug'),
('ZH',        'CH',        'Zurich'),
('',        'CI',        'None'),
('',        'CK',        'None'),
('',        'CL',        'None'),
('01',        'CL',        'I - Iquique'),
('02',        'CL',        'II - Antofagasta'),
('03',        'CL',        'III - Copiapo'),
('04',        'CL',        'IV - La Serena'),
('05',        'CL',        'V - Valparaiso'),
('06',        'CL',        'VI - Rancagua'),
('07',        'CL',        'VII - Talca'),
('08',        'CL',        'VIII - Concepción'),
('09',        'CL',        'IX - Temuco'),
('10',        'CL',        'X - Puerto Montt'),
('11',        'CL',        'XI - Coyhaique'),
('12',        'CL',        'XII - Punta Arena'),
('13',        'CL',        'RM - Santiago'),
('',        'CM',        'None'),
('',        'CN',        'None'),
('010',        'CN',        'Beijing'),
('020',        'CN',        'Shanghai'),
('030',        'CN',        'Tianjin'),
('040',        'CN',        'Nei Mongol'),
('050',        'CN',        'Shanxi'),
('060',        'CN',        'Hebei'),
('070',        'CN',        'Liaoning'),
('080',        'CN',        'Jilin'),
('090',        'CN',        'Heilongjiang'),
('100',        'CN',        'Jiangsu'),
('110',        'CN',        'Anhui'),
('120',        'CN',        'Shandong'),
('130',        'CN',        'Zhejiang'),
('140',        'CN',        'Jiangxi'),
('150',        'CN',        'Fujian'),
('160',        'CN',        'Hunan'),
('170',        'CN',        'Hubei'),
('180',        'CN',        'Henan'),
('190',        'CN',        'Guangdong'),
('200',        'CN',        'Hainan'),
('210',        'CN',        'Guangxi'),
('220',        'CN',        'Guizhou'),
('230',        'CN',        'Sichuan'),
('240',        'CN',        'Yunnan'),
('250',        'CN',        'Shaanxi'),
('260',        'CN',        'Gansu'),
('270',        'CN',        'Ningxia'),
('280',        'CN',        'Qinghai'),
('290',        'CN',        'Xinjiang'),
('300',        'CN',        'Xizang'),
('310',        'CN',        'Taiwan'),
('',        'CO',        'None'),
('05',        'CO',        'ANTIOQUIA'),
('08',        'CO',        'ATLANTICO'),
('11',        'CO',        'BOGOTA'),
('13',        'CO',        'BOLIVAR'),
('15',        'CO',        'BOYACA'),
('17',        'CO',        'CALDAS'),
('18',        'CO',        'CAQUETA'),
('19',        'CO',        'CAUCA'),
('20',        'CO',        'CESAR'),
('23',        'CO',        'CORDOBA'),
('25',        'CO',        'CUNDINAMARCA'),
('27',        'CO',        'CHOCO'),
('41',        'CO',        'HUILA'),
('44',        'CO',        'LA GUAJIRA'),
('47',        'CO',        'MAGDALENA'),
('50',        'CO',        'META'),
('52',        'CO',        'NARIÑO'),
('54',        'CO',        'NORTE SANTANDER'),
('63',        'CO',        'QUINDIO'),
('66',        'CO',        'RISARALDA'),
('68',        'CO',        'SANTANDER'),
('70',        'CO',        'SUCRE'),
('73',        'CO',        'TOLIMA'),
('76',        'CO',        'VALLE'),
('81',        'CO',        'ARAUCA'),
('85',        'CO',        'CASANARE'),
('86',        'CO',        'PUTUMAYO'),
('88',        'CO',        'SAN ANDRES'),
('91',        'CO',        'AMAZONAS'),
('94',        'CO',        'GUAINIA'),
('95',        'CO',        'GUAVIARE'),
('97',        'CO',        'VAUPES'),
('99',        'CO',        'VICHADA'),
('',        'CR',        'None'),
('',        'CU',        'None'),
('',        'CV',        'None'),
('',        'CX',        'None'),
('',        'CY',        'None'),
('',        'CZ',        'None'),
('01',        'CZ',        'Jihocesky'),
('02',        'CZ',        'Jihomoravsky'),
('03',        'CZ',        'Praha'),
('04',        'CZ',        'Severocesky'),
('05',        'CZ',        'Severomoravsky'),
('06',        'CZ',        'Stredocesky'),
('07',        'CZ',        'Vychodocesky'),
('08',        'CZ',        'Zapadocesky'),
('',        'DE',        'None'),
('01',        'DE',        'Schleswig-Holstei'),
('02',        'DE',        'Hamburg'),
('03',        'DE',        'Lower Saxony'),
('04',        'DE',        'Bremen'),
('05',        'DE',        'Nrth Rhine Westfa'),
('06',        'DE',        'Hesse'),
('07',        'DE',        'Rhineland Palatin'),
('08',        'DE',        'Baden-Wurttemberg'),
('09',        'DE',        'Bavaria'),
('10',        'DE',        'Saarland'),
('11',        'DE',        'Berlin'),
('12',        'DE',        'Brandenburg'),
('13',        'DE',        'Mecklenburg-Vorpo'),
('14',        'DE',        'Saxony'),
('15',        'DE',        'Saxony-Anhalt'),
('16',        'DE',        'Thuringia'),
('17',        'DE',        'Bayern'),
('',        'DJ',        'None'),
('',        'DK',        'None'),
('001',        'DK',        'Copenhagen'),
('002',        'DK',        'Århus amt'),
('003',        'DK',        'Bornholm amt'),
('004',        'DK',        'Frederiksborg amt'),
('005',        'DK',        'Fyn amt'),
('006',        'DK',        'København amt'),
('007',        'DK',        'Nordjylland amt'),
('008',        'DK',        'Ribe amt'),
('009',        'DK',        'Ringkøbing amt'),
('010',        'DK',        'Roskilde amt'),
('011',        'DK',        'Sønderjylland amt'),
('012',        'DK',        'Storstrøm amt'),
('013',        'DK',        'Vejle amt'),
('014',        'DK',        'Vestsjælland amt'),
('015',        'DK',        'Viborg amt'),
('016',        'DK',        'Grønlands amt'),
('',        'DM',        'None'),
('',        'DO',        'None'),
('',        'DZ',        'None'),
('',        'EC',        'None'),
('',        'EE',        'None'),
('',        'EG',        'None'),
('',        'EH',        'None'),
('',        'ER',        'None'),
('',        'ES',        'None'),
('01',        'ES',        'Alava'),
('02',        'ES',        'Albacete'),
('03',        'ES',        'Alicante'),
('04',        'ES',        'Almeria'),
('05',        'ES',        'Avila'),
('06',        'ES',        'Badajoz'),
('07',        'ES',        'Baleares'),
('08',        'ES',        'Barcelona'),
('09',        'ES',        'Burgos'),
('10',        'ES',        'Caceres'),
('11',        'ES',        'Cadiz'),
('12',        'ES',        'Castellon'),
('13',        'ES',        'Ciudad Real'),
('14',        'ES',        'Córdoba'),
('15',        'ES',        'La Coruña'),
('16',        'ES',        'Cuenca'),
('17',        'ES',        'Gerona'),
('18',        'ES',        'Granada'),
('19',        'ES',        'Guadalajara'),
('20',        'ES',        'Guipuzcoa'),
('21',        'ES',        'Huelva'),
('22',        'ES',        'Huesca'),
('23',        'ES',        'Jaen'),
('24',        'ES',        'Leon'),
('25',        'ES',        'Lerida'),
('26',        'ES',        'La Rioja'),
('27',        'ES',        'Lugo'),
('28',        'ES',        'Madrid'),
('29',        'ES',        'Malaga'),
('30',        'ES',        'Murcia'),
('31',        'ES',        'Navarra'),
('32',        'ES',        'Orense'),
('33',        'ES',        'Asturias'),
('34',        'ES',        'Palencia'),
('35',        'ES',        'Las Palmas'),
('36',        'ES',        'Pontevedra'),
('37',        'ES',        'Salamanca'),
('38',        'ES',        'Sta. Cruz Tenerif'),
('39',        'ES',        'Cantabria'),
('40',        'ES',        'Segovia'),
('41',        'ES',        'Sevilla'),
('42',        'ES',        'Soria'),
('43',        'ES',        'Tarragona'),
('44',        'ES',        'Teruel'),
('45',        'ES',        'Toledo'),
('46',        'ES',        'Valencia'),
('47',        'ES',        'Valladolid'),
('48',        'ES',        'Vizcaya'),
('49',        'ES',        'Zamora'),
('50',        'ES',        'Zaragoza'),
('',        'ET',        'None'),
('',        'FI',        'None'),
('001',        'FI',        'Ahvenanmaa'),
('002',        'FI',        'Etelä-Suomi'),
('003',        'FI',        'Itä-Suomi'),
('004',        'FI',        'Lappi'),
('005',        'FI',        'Länsi-Suomi'),
('006',        'FI',        'Oulu'),
('',        'FJ',        'None'),
('',        'FK',        'None'),
('',        'FM',        'None'),
('',        'FO',        'None'),
('',        'FR',        'None'),
('01',        'FR',        'Ain'),
('02',        'FR',        'Aisne'),
('03',        'FR',        'Allier'),
('04',        'FR',        'Alpes (Hte-Proven'),
('05',        'FR',        'Alpes (Hautes)'),
('06',        'FR',        'Alpes-Maritimes'),
('07',        'FR',        'Ardèche'),
('08',        'FR',        'Ardennes'),
('09',        'FR',        'Ariège'),
('10',        'FR',        'Aube'),
('11',        'FR',        'Aude'),
('12',        'FR',        'Aveyron'),
('13',        'FR',        'Bouches-du-Rhône'),
('14',        'FR',        'Calvados'),
('15',        'FR',        'Cantal'),
('16',        'FR',        'Charente'),
('17',        'FR',        'Charente-Maritime'),
('18',        'FR',        'Cher'),
('19',        'FR',        'Corrèze'),
('21',        'FR',        'Côte-d\'Or'),
('22',        'FR',        'Côtes-d\'Armor'),
('23',        'FR',        'Creuse'),
('24',        'FR',        'Dordogne'),
('25',        'FR',        'Doubs'),
('26',        'FR',        'Drôme'),
('27',        'FR',        'Eure'),
('28',        'FR',        'Eure-et-Loir'),
('29',        'FR',        'Finistère'),
('2A',        'FR',        'Corse-du-Sud'),
('2B',        'FR',        'Corse-du-Nord'),
('30',        'FR',        'Gard'),
('31',        'FR',        'Garonne (Haute)'),
('32',        'FR',        'Gers'),
('33',        'FR',        'Gironde'),
('34',        'FR',        'Hérault'),
('35',        'FR',        'Ille-et-Vilaine'),
('36',        'FR',        'Indre'),
('37',        'FR',        'Indre-et-Loire'),
('38',        'FR',        'Isère'),
('39',        'FR',        'Jura'),
('40',        'FR',        'Landes'),
('41',        'FR',        'Loir-et-Cher'),
('42',        'FR',        'Loire'),
('43',        'FR',        'Loire (Haute)'),
('44',        'FR',        'Loire-Atlantique'),
('45',        'FR',        'Loiret'),
('46',        'FR',        'Lot'),
('47',        'FR',        'Lot-et-Garonne'),
('48',        'FR',        'Lozère'),
('49',        'FR',        'Maine-et-Loire'),
('50',        'FR',        'Manche'),
('51',        'FR',        'Marne'),
('52',        'FR',        'Marne (Haute)'),
('53',        'FR',        'Mayenne'),
('54',        'FR',        'Meurthe-et-Mosell'),
('55',        'FR',        'Meuse'),
('56',        'FR',        'Morbihan'),
('57',        'FR',        'Moselle'),
('58',        'FR',        'Nièvre'),
('59',        'FR',        'Nord'),
('60',        'FR',        'Oise'),
('61',        'FR',        'Orne'),
('62',        'FR',        'Pas-de-Calais'),
('63',        'FR',        'Puy-de-Dôme'),
('64',        'FR',        'Pyrénées-Atlantiq'),
('65',        'FR',        'Pyrénées (Hautes)'),
('66',        'FR',        'Pyrénées-Oriental'),
('67',        'FR',        'Bas-Rhin'),
('68',        'FR',        'Haut-Rhin'),
('69',        'FR',        'Rhône'),
('70',        'FR',        'Saône (Haute)'),
('71',        'FR',        'Saône-et-Loire'),
('72',        'FR',        'Sarthe'),
('73',        'FR',        'Savoie'),
('74',        'FR',        'Savoie (Haute)'),
('75',        'FR',        'Paris'),
('76',        'FR',        'Seine-Maritime'),
('77',        'FR',        'Seine-et-Marne'),
('78',        'FR',        'Yvelines'),
('79',        'FR',        'Sèvres (Deux)'),
('80',        'FR',        'Somme'),
('81',        'FR',        'Tarn'),
('82',        'FR',        'Tarn-et-Garonne'),
('83',        'FR',        'Var'),
('84',        'FR',        'Vaucluse'),
('85',        'FR',        'Vendée'),
('86',        'FR',        'Vienne'),
('87',        'FR',        'Vienne (Haute)'),
('88',        'FR',        'Vosges'),
('89',        'FR',        'Yonne'),
('90',        'FR',        'Territ.-de-Belfor'),
('91',        'FR',        'Essonne'),
('92',        'FR',        'Hauts-de-Seine'),
('93',        'FR',        'Seine-Saint-Denis'),
('94',        'FR',        'Val-de-Marne'),
('95',        'FR',        'Val-d\'Oise'),
('97',        'FR',        'D.O.M.-T.O.M.'),
('971',        'FR',        'Guadeloupe'),
('972',        'FR',        'Martinique'),
('973',        'FR',        'Guyane'),
('974',        'FR',        'Réunion'),
('975',        'FR',        'Saint-Pierre-et-M'),
('976',        'FR',        'Wallis-et-Futuna'),
('99',        'FR',        'Hors-France'),
('',        'GA',        'None'),
('',        'GB',        'None'),
('AM',        'GB',        'Armagh'),
('AR',        'GB',        'Ards'),
('AT',        'GB',        'Antrim'),
('BA',        'GB',        'Ballymena'),
('BB',        'GB',        'Blackburn'),
('BE',        'GB',        'Bedfordshire'),
('BF',        'GB',        'Bracknell Forest'),
('BH',        'GB',        'Brighton & Hove'),
('BK',        'GB',        'Berkshire'),
('BL',        'GB',        'Belfast'),
('BM',        'GB',        'Bournemouth'),
('BN',        'GB',        'Banbridge'),
('BO',        'GB',        'Borders'),
('BP',        'GB',        'Blackpool'),
('BR',        'GB',        'Bristol'),
('BS',        'GB',        'Bath&NthEstSomers'),
('BU',        'GB',        'Buckinghamshire'),
('BY',        'GB',        'Ballymoney'),
('CA',        'GB',        'Cambridgeshire'),
('CE',        'GB',        'Central'),
('CG',        'GB',        'Craigavon'),
('CH',        'GB',        'Cheshire'),
('CI',        'GB',        'Coleraine'),
('CK',        'GB',        'Cookstown'),
('CL',        'GB',        'Clwyd'),
('CO',        'GB',        'Cornwall'),
('CR',        'GB',        'Carrickfergus'),
('CS',        'GB',        'Castlereagh'),
('CU',        'GB',        'Cumbria'),
('CV',        'GB',        'Cleveland'),
('DB',        'GB',        'Derbyshire'),
('DF',        'GB',        'Dumfries a. Gallo'),
('DG',        'GB',        'Dungannon'),
('DL',        'GB',        'Darlington'),
('DN',        'GB',        'Down'),
('DO',        'GB',        'Dorset'),
('DU',        'GB',        'Durham'),
('DV',        'GB',        'Devon'),
('DY',        'GB',        'Dyfed'),
('ER',        'GB',        'East Riding'),
('ES',        'GB',        'Essex'),
('FI',        'GB',        'Fife'),
('FM',        'GB',        'Fermanagh'),
('GL',        'GB',        'Gloucestershire'),
('GM',        'GB',        'Greater Mancheste'),
('GR',        'GB',        'Grampian'),
('GS',        'GB',        'Sth. Gloucestersh'),
('GW',        'GB',        'Gwent'),
('GY',        'GB',        'Gwynedd'),
('HA',        'GB',        'Hampshire'),
('HI',        'GB',        'Highland'),
('HL',        'GB',        'Halton'),
('HR',        'GB',        'Hartlepool'),
('HT',        'GB',        'Hertfordshire'),
('HW',        'GB',        'Hereford and Worc'),
('IW',        'GB',        'Isle of Wight'),
('KE',        'GB',        'Kent'),
('KH',        'GB',        'Kingston-upon-Hul'),
('LA',        'GB',        'Lancashire'),
('LC',        'GB',        'Leicester City'),
('LD',        'GB',        'Londonderry'),
('LE',        'GB',        'Leicestershire'),
('LI',        'GB',        'Lincolnshire'),
('LM',        'GB',        'Limavady'),
('LO',        'GB',        'Greater London'),
('LR',        'GB',        'Larne'),
('LS',        'GB',        'Lisburn'),
('LT',        'GB',        'Lothian'),
('LU',        'GB',        'Luton'),
('MA',        'GB',        'Magherafelt'),
('MD',        'GB',        'Middlesex'),
('MG',        'GB',        'Mid Glamorgan'),
('MI',        'GB',        'Middlesbrough'),
('MK',        'GB',        'Milton Keynes'),
('MO',        'GB',        'Moyle'),
('MY',        'GB',        'Merseyside'),
('NA',        'GB',        'Newtownabbey'),
('NB',        'GB',        'Newbury'),
('NC',        'GB',        'Nottingham City'),
('ND',        'GB',        'North Down'),
('NE',        'GB',        'NthEast Lincolnsh'),
('NH',        'GB',        'Northamptonshire'),
('NK',        'GB',        'Norfolk'),
('NL',        'GB',        'North Lincolnshir'),
('NM',        'GB',        'Newry and Mourne'),
('NS',        'GB',        'North Somerset'),
('NT',        'GB',        'Nottinghamshire'),
('NU',        'GB',        'Northumberland'),
('OM',        'GB',        'Omagh'),
('OR',        'GB',        'Orkney'),
('OX',        'GB',        'Oxfordshire'),
('PB',        'GB',        'Peterborough'),
('PL',        'GB',        'Poole'),
('PM',        'GB',        'Portsmouth'),
('PO',        'GB',        'Powys'),
('PY',        'GB',        'Plymouth'),
('RD',        'GB',        'Redcar and Clevel'),
('RE',        'GB',        'Reading'),
('RM',        'GB',        'Rochester up. Med'),
('RU',        'GB',        'Rutland'),
('SC',        'GB',        'Strathclyde'),
('SD',        'GB',        'Southend'),
('SE',        'GB',        'East Sussex'),
('SG',        'GB',        'South Glamorgan'),
('SH',        'GB',        'Shropshire'),
('SK',        'GB',        'Suffolk'),
('SL',        'GB',        'Shetland'),
('SN',        'GB',        'Stockton-on-Tees'),
('SO',        'GB',        'Somerset'),
('SP',        'GB',        'Southampton'),
('SR',        'GB',        'Strabane'),
('ST',        'GB',        'Staffordshire'),
('SU',        'GB',        'Slough'),
('SW',        'GB',        'West Sussex'),
('SY',        'GB',        'Surrey'),
('TA',        'GB',        'Tayside'),
('TD',        'GB',        'Thamesdown'),
('TH',        'GB',        'Thurrock'),
('TO',        'GB',        'Torbay'),
('TW',        'GB',        'Tyne and Wear'),
('WA',        'GB',        'Warwickshire'),
('WD',        'GB',        'Windsor & Maidenh'),
('WG',        'GB',        'West Glamorgan'),
('WI',        'GB',        'Wiltshire'),
('WL',        'GB',        'Western Isles'),
('WM',        'GB',        'West Midlands'),
('WO',        'GB',        'Wokingham'),
('WR',        'GB',        'Wrekin'),
('WT',        'GB',        'Warrington'),
('YK',        'GB',        'York'),
('YN',        'GB',        'North Yorkshire'),
('YS',        'GB',        'South Yorkshire'),
('YW',        'GB',        'West Yorkshire'),
('',        'GD',        'None'),
('',        'GE',        'None'),
('',        'GF',        'None'),
('',        'GG',        'None'),
('',        'GH',        'None'),
('',        'GI',        'None'),
('',        'GL',        'None'),
('',        'GM',        'None'),
('',        'GN',        'None'),
('',        'GP',        'None'),
('',        'GQ',        'None'),
('',        'GR',        'None'),
('01',        'GR',        'Aitolia kai Akarn'),
('02',        'GR',        'Akhaia'),
('03',        'GR',        'Argolis'),
('04',        'GR',        'Arkadhia'),
('05',        'GR',        'Arta'),
('06',        'GR',        'Attiki'),
('07',        'GR',        'Dhodhekanisos'),
('08',        'GR',        'Dhrama'),
('09',        'GR',        'Evritania'),
('10',        'GR',        'Evros'),
('11',        'GR',        'Evvoia'),
('12',        'GR',        'Florina'),
('13',        'GR',        'Fokis'),
('14',        'GR',        'Fthiotis'),
('15',        'GR',        'Grevena'),
('16',        'GR',        'Ilia'),
('17',        'GR',        'Imathia'),
('18',        'GR',        'Ioannina'),
('19',        'GR',        'Iraklion'),
('20',        'GR',        'Kardhitsa'),
('21',        'GR',        'Kastoria'),
('22',        'GR',        'Kavala'),
('23',        'GR',        'Kefallinia'),
('24',        'GR',        'Kerkira'),
('25',        'GR',        'Khalkidhiki'),
('26',        'GR',        'Khania'),
('27',        'GR',        'Khios'),
('28',        'GR',        'Kikladhes'),
('29',        'GR',        'Kilkis'),
('30',        'GR',        'Korinthia'),
('31',        'GR',        'Kozani'),
('32',        'GR',        'Lakonia'),
('33',        'GR',        'Larisa'),
('34',        'GR',        'Lasithi'),
('35',        'GR',        'Lesvos'),
('36',        'GR',        'Levkas'),
('37',        'GR',        'Magnisia'),
('38',        'GR',        'Messinia'),
('39',        'GR',        'Pella'),
('40',        'GR',        'Pieria'),
('41',        'GR',        'Piraievs'),
('42',        'GR',        'Preveza'),
('43',        'GR',        'Rethimni'),
('44',        'GR',        'Rodhopi'),
('45',        'GR',        'Samos'),
('46',        'GR',        'Serrai'),
('47',        'GR',        'Thesprotia'),
('48',        'GR',        'Thessaloniki'),
('49',        'GR',        'Trikala'),
('50',        'GR',        'Voiotia'),
('51',        'GR',        'Xanthi'),
('52',        'GR',        'Zakinthos'),
('',        'GS',        'None'),
('',        'GT',        'None'),
('',        'GU',        'None'),
('',        'GW',        'None'),
('',        'GY',        'None'),
('',        'HK',        'None'),
('HK',        'HK',        'Hong Kong Island'),
('KLN',        'HK',        'Kowloon'),
('NT',        'HK',        'New Territories'),
('',        'HM',        'None'),
('',        'HN',        'None'),
('',        'HR',        'None'),
('01',        'HR',        'Bjelovar-Bilogora'),
('02',        'HR',        'Stadt Zagreb'),
('03',        'HR',        'Dubrovnik-Neretva'),
('04',        'HR',        'Istra'),
('05',        'HR',        'Karlovac'),
('06',        'HR',        'Koprivnica-Krizev'),
('07',        'HR',        'Lika-Senj'),
('08',        'HR',        'Medimurje'),
('09',        'HR',        'Osijek-Baranja'),
('10',        'HR',        'Pozega-Slavonija'),
('11',        'HR',        'Primorje-Gorski K'),
('12',        'HR',        'Sibenik'),
('13',        'HR',        'Sisak-Moslavina'),
('14',        'HR',        'Slavonski'),
('15',        'HR',        'Brod-Posavina'),
('16',        'HR',        'Split-Dalmatia'),
('17',        'HR',        'Varazdin'),
('18',        'HR',        'Virovitica-Podrav'),
('19',        'HR',        'Vukovar-Srijem'),
('20',        'HR',        'Zadar-Knin'),
('21',        'HR',        'Zagreb'),
('',        'HT',        'None'),
('',        'HU',        'None'),
('01',        'HU',        'Bacs-Kiskun'),
('02',        'HU',        'Baranya'),
('03',        'HU',        'Bekes'),
('04',        'HU',        'Bekescsaba'),
('05',        'HU',        'Borsod-Abauj-Zemp'),
('06',        'HU',        'Budapest'),
('07',        'HU',        'Csongrad'),
('08',        'HU',        'Debrecen'),
('09',        'HU',        'Dunaujvaros'),
('10',        'HU',        'Eger'),
('11',        'HU',        'Fejer'),
('12',        'HU',        'Gyor'),
('13',        'HU',        'Gyor-Moson-Sopron'),
('14',        'HU',        'Hajdu-Bihar'),
('15',        'HU',        'Heves'),
('16',        'HU',        'Hodmezovasarhely'),
('17',        'HU',        'Jasz-Nagykun-Szol'),
('18',        'HU',        'Kaposvar'),
('19',        'HU',        'Kecskemet'),
('20',        'HU',        'Komarom-Esztergom'),
('21',        'HU',        'Miskolc'),
('22',        'HU',        'Nagykanizsa'),
('23',        'HU',        'Nograd'),
('24',        'HU',        'Nyiregyhaza'),
('25',        'HU',        'Pecs'),
('26',        'HU',        'Pest'),
('27',        'HU',        'Somogy'),
('28',        'HU',        'Sopron'),
('29',        'HU',        'Szabolcs-Szat.-Be'),
('30',        'HU',        'Szeged'),
('31',        'HU',        'Szekesfehervar'),
('32',        'HU',        'Szolnok'),
('33',        'HU',        'Szombathely'),
('34',        'HU',        'Tatabanya'),
('35',        'HU',        'Tolna'),
('36',        'HU',        'Vas'),
('37',        'HU',        'Veszprem'),
('38',        'HU',        'Zala'),
('39',        'HU',        'Zalaegerszeg'),
('',        'ID',        'None'),
('01',        'ID',        'DKI Jakarta Jakar'),
('02',        'ID',        'Jawa Barat West J'),
('03',        'ID',        'Jawa Tengah Centr'),
('04',        'ID',        'Jawa Timur East J'),
('05',        'ID',        'DI Yogyakarta Yog'),
('06',        'ID',        'DI Aceh Aceh'),
('07',        'ID',        'Sumatera Utara No'),
('08',        'ID',        'Sumatera Barat We'),
('09',        'ID',        'Riau Riau'),
('10',        'ID',        'Jambi Jambi'),
('11',        'ID',        'Sumatera Selatan'),
('12',        'ID',        'Bengkulu Bengkulu'),
('13',        'ID',        'Lampung Lampung'),
('14',        'ID',        'Kalimantan Selata'),
('15',        'ID',        'Kalimantan Barat'),
('16',        'ID',        'Kalimantan Tengah'),
('17',        'ID',        'Kalimantan Timur'),
('18',        'ID',        'Sulawesi Selatan'),
('19',        'ID',        'Sulawesi Tenggara'),
('20',        'ID',        'Sulawesi Tengah C'),
('21',        'ID',        'Sulawesi Utara No'),
('22',        'ID',        'Bali Bali'),
('23',        'ID',        'Nusa Tenggara Bar'),
('24',        'ID',        'Nusa Tenggara Tim'),
('25',        'ID',        'Maluku Maluku'),
('26',        'ID',        'Irian Jaya Irian'),
('27',        'ID',        'Timor Timur East'),
('',        'IE',        'None'),
('CK',        'IE',        'Cork'),
('CL',        'IE',        'Clare'),
('CV',        'IE',        'Cavan'),
('CW',        'IE',        'Carlow'),
('DB',        'IE',        'Dublin'),
('DG',        'IE',        'Donegal'),
('GW',        'IE',        'Galway'),
('KD',        'IE',        'Kildare'),
('KK',        'IE',        'Kilkenny'),
('KY',        'IE',        'Kerry'),
('LF',        'IE',        'Longford'),
('LI',        'IE',        'Limerick'),
('LM',        'IE',        'Leitrim'),
('LS',        'IE',        'Laois'),
('LT',        'IE',        'Louth'),
('MH',        'IE',        'Monaghan'),
('MT',        'IE',        'Meath'),
('MY',        'IE',        'Mayo'),
('OF',        'IE',        'Offaly'),
('RC',        'IE',        'Rosscommon'),
('SG',        'IE',        'Sligo'),
('TP',        'IE',        'Tipperary'),
('WF',        'IE',        'Waterford'),
('WK',        'IE',        'Wicklow'),
('WM',        'IE',        'Westmeath'),
('WX',        'IE',        'Wexford'),
('',        'IL',        'None'),
('01',        'IL',        'Central'),
('02',        'IL',        'Haifa'),
('03',        'IL',        'Jerusalem'),
('04',        'IL',        'Northern'),
('05',        'IL',        'Southern'),
('06',        'IL',        'Tel Aviv'),
('',        'IM',        'None'),
('',        'IN',        'None'),
('01',        'IN',        'Andra Pradesh'),
('02',        'IN',        'Arunachal Pradesh'),
('03',        'IN',        'Assam'),
('04',        'IN',        'Bihar'),
('05',        'IN',        'Goa'),
('06',        'IN',        'Gujarat'),
('07',        'IN',        'Haryana'),
('08',        'IN',        'Himachal Pradesh'),
('09',        'IN',        'Jammu und Kashmir'),
('10',        'IN',        'Karnataka'),
('11',        'IN',        'Kerala'),
('12',        'IN',        'Madhya Pradesh'),
('13',        'IN',        'Maharashtra'),
('14',        'IN',        'Manipur'),
('15',        'IN',        'Megalaya'),
('16',        'IN',        'Mizoram'),
('17',        'IN',        'Nagaland'),
('18',        'IN',        'Orissa'),
('19',        'IN',        'Punjab'),
('20',        'IN',        'Rajasthan'),
('21',        'IN',        'Sikkim'),
('22',        'IN',        'Tamil Nadu'),
('23',        'IN',        'Tripura'),
('24',        'IN',        'Uttar Pradesh'),
('25',        'IN',        'West Bengal'),
('26',        'IN',        'Andaman und Nico.'),
('27',        'IN',        'Chandigarh'),
('28',        'IN',        'Dadra und Nagar H'),
('29',        'IN',        'Daman und Diu'),
('30',        'IN',        'Delhi'),
('31',        'IN',        'Lakshadweep'),
('32',        'IN',        'Pondicherry'),
('',        'IO',        'None'),
('',        'IQ',        'None'),
('',        'IR',        'None'),
('',        'IS',        'None'),
('',        'IT',        'None'),
('AG',        'IT',        'Agriento'),
('AL',        'IT',        'Alessandria'),
('AN',        'IT',        'Ancona'),
('AO',        'IT',        'Aosta'),
('AP',        'IT',        'Ascoli Piceno'),
('AQ',        'IT',        'L\'Aquila'),
('AR',        'IT',        'Arezzo'),
('AT',        'IT',        'Asti'),
('AV',        'IT',        'Avellino'),
('BA',        'IT',        'Bari'),
('BG',        'IT',        'Bergamo'),
('BI',        'IT',        'Biella'),
('BL',        'IT',        'Belluno'),
('BN',        'IT',        'Benevento'),
('BO',        'IT',        'Bologna'),
('BR',        'IT',        'Brindisi'),
('BS',        'IT',        'Brescia'),
('BZ',        'IT',        'Bolzano'),
('CA',        'IT',        'Cagliari'),
('CB',        'IT',        'Campobasso'),
('CE',        'IT',        'Caserta'),
('CH',        'IT',        'Chieti'),
('CL',        'IT',        'Caltanisetta'),
('CN',        'IT',        'Cuneo'),
('CO',        'IT',        'Como'),
('CR',        'IT',        'Cremona'),
('CS',        'IT',        'Cosenza'),
('CT',        'IT',        'Catania'),
('CZ',        'IT',        'Catanzaro'),
('EN',        'IT',        'Enna'),
('FE',        'IT',        'Ferrara'),
('FG',        'IT',        'Foggia'),
('FI',        'IT',        'Florence'),
('FO',        'IT',        'Forlì'),
('FR',        'IT',        'Frosinone'),
('GE',        'IT',        'Genova'),
('GO',        'IT',        'Gorizia'),
('GR',        'IT',        'Grosseto'),
('IM',        'IT',        'Imperia'),
('IS',        'IT',        'Isernia'),
('KR',        'IT',        'Crotone'),
('LC',        'IT',        'Lecco'),
('LE',        'IT',        'Lecce'),
('LI',        'IT',        'Livorno'),
('LO',        'IT',        'Lodi'),
('LT',        'IT',        'Latina'),
('LU',        'IT',        'Lucca'),
('MC',        'IT',        'Macerata'),
('ME',        'IT',        'Messina'),
('MI',        'IT',        'Milan'),
('MN',        'IT',        'Mantova'),
('MO',        'IT',        'Modena'),
('MS',        'IT',        'Massa Carrara'),
('MT',        'IT',        'Matera'),
('NA',        'IT',        'Naples'),
('NO',        'IT',        'Novara'),
('NU',        'IT',        'Nuoro'),
('OR',        'IT',        'Oristano'),
('PA',        'IT',        'Palermo'),
('PC',        'IT',        'Piacenza'),
('PD',        'IT',        'Padova'),
('PE',        'IT',        'Pescara'),
('PG',        'IT',        'Perugia'),
('PI',        'IT',        'Pisa'),
('PN',        'IT',        'Pordenone'),
('PO',        'IT',        'Prato'),
('PR',        'IT',        'Parma'),
('PS',        'IT',        'Pesaro'),
('PT',        'IT',        'Pistoia'),
('PV',        'IT',        'Pavia'),
('PZ',        'IT',        'Potenza'),
('RA',        'IT',        'Ravenna'),
('RC',        'IT',        'Reggio Calabria'),
('RE',        'IT',        'Reggio Emilia'),
('RG',        'IT',        'Ragusa'),
('RI',        'IT',        'Rieti'),
('RM',        'IT',        'Rome'),
('RN',        'IT',        'Rimini'),
('RO',        'IT',        'Rovigo'),
('RV',        'IT',        'Rovigo'),
('SA',        'IT',        'Salerno'),
('SI',        'IT',        'Siena'),
('SO',        'IT',        'Sondrio'),
('SP',        'IT',        'La Spezia'),
('SR',        'IT',        'Siracusa'),
('SS',        'IT',        'Sassari'),
('SV',        'IT',        'Savona'),
('TA',        'IT',        'Taranto'),
('TE',        'IT',        'Teramo'),
('TN',        'IT',        'Trento'),
('TO',        'IT',        'Turin'),
('TP',        'IT',        'Trapani'),
('TR',        'IT',        'Terni'),
('TS',        'IT',        'Trieste'),
('TV',        'IT',        'Treviso'),
('UD',        'IT',        'Udine'),
('VA',        'IT',        'Varese'),
('VC',        'IT',        'Vercelli'),
('VE',        'IT',        'Venice'),
('VI',        'IT',        'Vicenza'),
('VR',        'IT',        'Verona'),
('VT',        'IT',        'Viterbo'),
('VV',        'IT',        'Vibo Valentia'),
('',        'JE',        'None'),
('',        'JM',        'None'),
('',        'JO',        'None'),
('',        'JP',        'None'),
('01',        'JP',        'Hokkaido'),
('02',        'JP',        'Aomori-ken'),
('03',        'JP',        'Iwate-ken'),
('04',        'JP',        'Miyagi-ken'),
('05',        'JP',        'Akita-ken'),
('06',        'JP',        'Yamagata-ken'),
('07',        'JP',        'Fukushima-ken'),
('08',        'JP',        'Ibaragi-ken'),
('09',        'JP',        'Tochigi-ken'),
('10',        'JP',        'Gunma-ken'),
('11',        'JP',        'Saitama-ken'),
('12',        'JP',        'Chiba-ken'),
('13',        'JP',        'Tokyo-to'),
('14',        'JP',        'Kanagawa-ken'),
('15',        'JP',        'Niigata-ken'),
('16',        'JP',        'Toyama-ken'),
('17',        'JP',        'Ishikawa-ken'),
('18',        'JP',        'Fukui-ken'),
('19',        'JP',        'Yamanashi-ken'),
('20',        'JP',        'Nagano-ken'),
('21',        'JP',        'Gifu-ken'),
('22',        'JP',        'Shizuoka-ken'),
('23',        'JP',        'Aichi-ken'),
('24',        'JP',        'Mie-ken'),
('25',        'JP',        'Shiga-ken'),
('26',        'JP',        'Kyoto-fu'),
('27',        'JP',        'Osaka-fu'),
('28',        'JP',        'Hyogo-ken'),
('29',        'JP',        'Nara-ken'),
('30',        'JP',        'Wakayama-ken'),
('31',        'JP',        'Tottori-ken'),
('32',        'JP',        'Shimana-ken'),
('33',        'JP',        'Okayama-ken'),
('34',        'JP',        'Hiroshima-ken'),
('35',        'JP',        'Yamaguchi-ken'),
('36',        'JP',        'Tokushima-ken'),
('37',        'JP',        'Kagawa-ken'),
('38',        'JP',        'Ehima-ken'),
('39',        'JP',        'Kochi-ken'),
('40',        'JP',        'Fukuoka-ken'),
('41',        'JP',        'Saga-ken'),
('42',        'JP',        'Nagasaki-ken'),
('43',        'JP',        'Kumamoto-ken'),
('44',        'JP',        'Oita-ken'),
('45',        'JP',        'Miyazaki-ken'),
('46',        'JP',        'Kagoshima-ken'),
('47',        'JP',        'Okinawa-ken'),
('',        'KE',        'None'),
('',        'KG',        'None'),
('',        'KH',        'None'),
('',        'KI',        'None'),
('',        'KM',        'None'),
('',        'KN',        'None'),
('',        'KP',        'None'),
('',        'KR',        'None'),
('01',        'KR',        'Cheju-do'),
('02',        'KR',        'Cholla-bukto'),
('03',        'KR',        'Cholla-namdo'),
('04',        'KR',        'Ch´ungch´ong-bukt'),
('05',        'KR',        'Ch´ungch´ong-namd'),
('06',        'KR',        'Inch´on-jikhalsi'),
('07',        'KR',        'Kangwon-do'),
('08',        'KR',        'Kwangju-jikhalsi'),
('09',        'KR',        'Kyonggi-do'),
('10',        'KR',        'Kyongsang-bukto'),
('11',        'KR',        'Kyongsang-namdo'),
('12',        'KR',        'Pusan-jikhalsi'),
('13',        'KR',        'Soul-t´ukpyolsi'),
('14',        'KR',        'Taegu-jikhalsi'),
('15',        'KR',        'Taejon-jikhalsi'),
('',        'KW',        'None'),
('',        'KY',        'None'),
('',        'KZ',        'None'),
('00',        'KZ',        'Almatynskaia'),
('01',        'KZ',        'Kostanaiskaia'),
('02',        'KZ',        'Severo-Kazakhstan'),
('03',        'KZ',        'Pavlodarskaia'),
('04',        'KZ',        'Akmolinskaia'),
('05',        'KZ',        'Aktubinskaia'),
('06',        'KZ',        'Atyrauskaia'),
('07',        'KZ',        'Zapadno-Kazakhst'),
('08',        'KZ',        'Mangystayskaia'),
('09',        'KZ',        'Karagandinskaia'),
('10',        'KZ',        'Vostochno-Kazakhs'),
('11',        'KZ',        'Gambilskaia'),
('12',        'KZ',        'Kyzilordinskaia'),
('',        'LA',        'None'),
('',        'LB',        'None'),
('',        'LC',        'None'),
('',        'LI',        'None'),
('',        'LK',        'None'),
('',        'LR',        'None'),
('',        'LS',        'None'),
('',        'LT',        'None'),
('',        'LU',        'None'),
('',        'LV',        'None'),
('',        'LY',        'None'),
('',        'MA',        'None'),
('',        'MC',        'None'),
('',        'MD',        'None'),
('',        'ME',        'None'),
('',        'MG',        'None'),
('',        'MH',        'None'),
('',        'MK',        'None'),
('',        'ML',        'None'),
('',        'MM',        'None'),
('',        'MN',        'None'),
('',        'MO',        'None'),
('',        'MP',        'None'),
('',        'MQ',        'None'),
('',        'MR',        'None'),
('',        'MS',        'None'),
('',        'MT',        'None'),
('',        'MU',        'None'),
('',        'MV',        'None'),
('',        'MW',        'None'),
('',        'MX',        'None'),
('AGS',        'MX',        'Aguascalientes'),
('BC',        'MX',        'Baja California'),
('BCS',        'MX',        'Baja California S'),
('CHI',        'MX',        'Chihuahua'),
('CHS',        'MX',        'Chiapas'),
('CMP',        'MX',        'Campeche'),
('COA',        'MX',        'Coahuila'),
('COL',        'MX',        'Colima'),
('DF',        'MX',        'Distrito Federal'),
('DGO',        'MX',        'Durango'),
('GRO',        'MX',        'Guerrero'),
('GTO',        'MX',        'Guanajuato'),
('HGO',        'MX',        'Hidalgo'),
('JAL',        'MX',        'Jalisco'),
('MCH',        'MX',        'Michoacán'),
('MEX',        'MX',        'Estado de México'),
('MOR',        'MX',        'Morelos'),
('NAY',        'MX',        'Nayarit'),
('NL',        'MX',        'Nuevo Léon'),
('OAX',        'MX',        'Oaxaca'),
('PUE',        'MX',        'Puebla'),
('QR',        'MX',        'Quintana Roo'),
('QRO',        'MX',        'Querétaro'),
('SIN',        'MX',        'Sinaloa'),
('SLP',        'MX',        'San Luis Potosí'),
('SON',        'MX',        'Sonora'),
('TAB',        'MX',        'Tabasco'),
('TLX',        'MX',        'Tlaxcala'),
('TMS',        'MX',        'Tamaulipas'),
('VER',        'MX',        'Veracruz'),
('YUC',        'MX',        'Yucatán'),
('ZAC',        'MX',        'Zacatecas'),
('',        'MY',        'None'),
('JOH',        'MY',        'Johor'),
('KED',        'MY',        'Kedah'),
('KEL',        'MY',        'Kelantan'),
('KUL',        'MY',        'Kuala Lumpur'),
('LAB',        'MY',        'Labuan'),
('MEL',        'MY',        'Melaka'),
('PAH',        'MY',        'Pahang'),
('PEL',        'MY',        'Perlis'),
('PER',        'MY',        'Perak'),
('PIN',        'MY',        'Pulau Pinang'),
('SAB',        'MY',        'Sabah'),
('SAR',        'MY',        'Sarawak'),
('SEL',        'MY',        'Selangor'),
('SER',        'MY',        'Negeri Sembilan'),
('TRE',        'MY',        'Trengganu'),
('',        'MZ',        'None'),
('',        'NA',        'None'),
('',        'NC',        'None'),
('',        'NE',        'None'),
('',        'NF',        'None'),
('',        'NG',        'None'),
('',        'NI',        'None'),
('',        'NL',        'None'),
('01',        'NL',        'Drenthe'),
('02',        'NL',        'Flevoland'),
('03',        'NL',        'Friesland'),
('04',        'NL',        'Gelderland'),
('05',        'NL',        'Groningen'),
('06',        'NL',        'Limburg'),
('07',        'NL',        'Noord-Brabant'),
('08',        'NL',        'Noord-Holland'),
('09',        'NL',        'Overijssel'),
('10',        'NL',        'Utrecht'),
('11',        'NL',        'Zeeland'),
('12',        'NL',        'Zuid-Holland'),
('',        'NO',        'None'),
('01',        'NO',        'Østfold Fylke'),
('02',        'NO',        'Akershus Fylke'),
('03',        'NO',        'Oslo'),
('04',        'NO',        'Hedmark Fylke'),
('05',        'NO',        'Oppland Fylke'),
('06',        'NO',        'Buskerud Fylke'),
('07',        'NO',        'Vestfold Fylke'),
('08',        'NO',        'Telemark Fylke'),
('09',        'NO',        'Aust-Agder Fylke'),
('10',        'NO',        'Vest-Agder Fylke'),
('11',        'NO',        'Rogaland Fylke'),
('12',        'NO',        'Hordaland Fylke'),
('14',        'NO',        'Sogn og Fjordane'),
('15',        'NO',        'Møre og Romsdal F'),
('16',        'NO',        'Sør-Trøndelag Fyl'),
('17',        'NO',        'Nord-Trøndelag Fy'),
('18',        'NO',        'Nordland Fylke'),
('19',        'NO',        'Troms Fylke'),
('20',        'NO',        'Finnmark Fylke'),
('',        'NP',        'None'),
('',        'NR',        'None'),
('',        'NU',        'None'),
('',        'NZ',        'None'),
('AKL',        'NZ',        'Auckland'),
('BOP',        'NZ',        'Bay of Plenty'),
('CAN',        'NZ',        'Canterbury'),
('HAB',        'NZ',        'Hawke´s Bay'),
('MAN',        'NZ',        'Manawatu-Wanganui'),
('NTL',        'NZ',        'Northland'),
('OTA',        'NZ',        'Otago'),
('STL',        'NZ',        'Southland'),
('TAR',        'NZ',        'Taranaki'),
('WAI',        'NZ',        'Waikato'),
('WEC',        'NZ',        'West Coast'),
('WLG',        'NZ',        'Wellington'),
('',        'OM',        'None'),
('',        'PA',        'None'),
('',        'PE',        'None'),
('01',        'PE',        'Tumbes'),
('02',        'PE',        'Piura'),
('03',        'PE',        'Lambayeque'),
('04',        'PE',        'La Libertad'),
('05',        'PE',        'Ancash'),
('06',        'PE',        'Lima y Callao'),
('07',        'PE',        'Ica'),
('08',        'PE',        'Arequipa'),
('09',        'PE',        'Moquegua'),
('10',        'PE',        'Tacna'),
('11',        'PE',        'Amazon'),
('12',        'PE',        'Cajamarca'),
('13',        'PE',        'San Martín'),
('14',        'PE',        'Huánuco'),
('15',        'PE',        'Pasco'),
('16',        'PE',        'Junín'),
('17',        'PE',        'Huancavelica'),
('18',        'PE',        'Ayacucho'),
('19',        'PE',        'Apurimac'),
('20',        'PE',        'Cuzco'),
('21',        'PE',        'Puno'),
('22',        'PE',        'Loreto'),
('23',        'PE',        'Ucayali'),
('24',        'PE',        'Madre de Díos'),
('',        'PF',        'None'),
('',        'PG',        'None'),
('',        'PH',        'None'),
('01',        'PH',        'Ilocos'),
('02',        'PH',        'Cagayan Valley'),
('03',        'PH',        'Central Luzon'),
('04',        'PH',        'South Luzon'),
('05',        'PH',        'Bicol'),
('06',        'PH',        'West Visayas'),
('07',        'PH',        'Central Visayas'),
('08',        'PH',        'Eastern Visayas'),
('09',        'PH',        'Western Mindanao'),
('10',        'PH',        'Northern Mindanao'),
('11',        'PH',        'Cntrl Mindanao'),
('12',        'PH',        'South Mindanao'),
('',        'PK',        'None'),
('',        'PL',        'None'),
('01',        'PL',        'Biala Podlaska'),
('02',        'PL',        'Bialystok'),
('03',        'PL',        'Bielsko Biala'),
('04',        'PL',        'Bydgoszcz'),
('05',        'PL',        'Chelm'),
('06',        'PL',        'Ciechanow'),
('07',        'PL',        'Czestochowa'),
('08',        'PL',        'Elblag'),
('09',        'PL',        'Gdansk'),
('10',        'PL',        'Gorzow'),
('11',        'PL',        'Jelenia Gora'),
('12',        'PL',        'Kalisz'),
('13',        'PL',        'Katowice'),
('14',        'PL',        'Kielce'),
('15',        'PL',        'Konin'),
('16',        'PL',        'Koszalin'),
('17',        'PL',        'Krakow'),
('18',        'PL',        'Krosno'),
('19',        'PL',        'Legnica'),
('20',        'PL',        'Leszno'),
('21',        'PL',        'Lodz'),
('22',        'PL',        'Lomza'),
('23',        'PL',        'Lublin'),
('24',        'PL',        'Nowy Sacz'),
('25',        'PL',        'Olsztyn'),
('26',        'PL',        'Opole'),
('27',        'PL',        'Ostroleka'),
('28',        'PL',        'Pila'),
('29',        'PL',        'Piotrkow'),
('30',        'PL',        'Plock'),
('31',        'PL',        'Poznan'),
('32',        'PL',        'Przemysl'),
('33',        'PL',        'Radom'),
('34',        'PL',        'Rzeszow'),
('35',        'PL',        'Siedlce'),
('36',        'PL',        'Sieradz'),
('37',        'PL',        'Skierniewice'),
('38',        'PL',        'Slupsk'),
('39',        'PL',        'Suwalki'),
('40',        'PL',        'Szczecin'),
('41',        'PL',        'Tarnobrzeg'),
('42',        'PL',        'Tarnow'),
('43',        'PL',        'Torun'),
('44',        'PL',        'Walbrzych'),
('45',        'PL',        'Warszawa'),
('46',        'PL',        'Wloclawek'),
('47',        'PL',        'Wroclaw'),
('48',        'PL',        'Zamosc'),
('49',        'PL',        'Zielona Gora'),
('',        'PM',        'None'),
('',        'PN',        'None'),
('',        'PR',        'None'),
('',        'PS',        'None'),
('',        'PT',        'None'),
('10',        'PT',        'Minho-Lima'),
('11',        'PT',        'Cávado'),
('12',        'PT',        'Ave'),
('13',        'PT',        'Grande Porto'),
('14',        'PT',        'Tâmega'),
('15',        'PT',        'Entre Douro e Vou'),
('16',        'PT',        'Douro'),
('17',        'PT',        'Alto Trás-os-Mont'),
('20',        'PT',        'Baixo Vouga'),
('21',        'PT',        'Baixo Mondego'),
('22',        'PT',        'Pinhal Litoral'),
('23',        'PT',        'Pinhal Interior N'),
('24',        'PT',        'Pinhal Interior S'),
('25',        'PT',        'Dão-Lafoes'),
('26',        'PT',        'Serra da Estrela'),
('27',        'PT',        'Beira Interior No'),
('28',        'PT',        'Beira Interior Su'),
('29',        'PT',        'Cova da Beira'),
('30',        'PT',        'Oeste'),
('31',        'PT',        'Grande Lisboa'),
('32',        'PT',        'Península de Setú'),
('33',        'PT',        'Médio Tejo'),
('34',        'PT',        'Lezíria do Tejo'),
('40',        'PT',        'Alentejo Litoral'),
('41',        'PT',        'Alto Alentejo'),
('42',        'PT',        'Alentejo Central'),
('43',        'PT',        'Baixo Alentejo'),
('50',        'PT',        'Algarve'),
('60',        'PT',        'Reg. Aut. dos Aço'),
('70',        'PT',        'Reg. Aut. da Made'),
('',        'PW',        'None'),
('',        'PY',        'None'),
('',        'QA',        'None'),
('',        'RE',        'None'),
('',        'RO',        'None'),
('01',        'RO',        'Alba'),
('02',        'RO',        'Arad'),
('03',        'RO',        'Arges'),
('04',        'RO',        'Bacau'),
('05',        'RO',        'Bihor'),
('06',        'RO',        'Bistrita-Nasaud'),
('07',        'RO',        'Botosani'),
('08',        'RO',        'Braila'),
('09',        'RO',        'Brasov'),
('10',        'RO',        'Bucuresti'),
('11',        'RO',        'Buzau'),
('12',        'RO',        'Calarasi'),
('13',        'RO',        'Caras-Severin'),
('14',        'RO',        'Cluj'),
('15',        'RO',        'Constanta'),
('16',        'RO',        'Covasna'),
('17',        'RO',        'Dimbovita'),
('18',        'RO',        'Dolj'),
('19',        'RO',        'Galati'),
('20',        'RO',        'Gorj'),
('21',        'RO',        'Giurgiu'),
('22',        'RO',        'Harghita'),
('23',        'RO',        'Hunedoara'),
('24',        'RO',        'Ialomita'),
('25',        'RO',        'Iasi'),
('26',        'RO',        'Maramures'),
('27',        'RO',        'Mehedinti'),
('28',        'RO',        'Mures'),
('29',        'RO',        'Neamt'),
('30',        'RO',        'Olt'),
('31',        'RO',        'Prahova'),
('32',        'RO',        'Salaj'),
('33',        'RO',        'Satu Mare'),
('34',        'RO',        'Sibiu'),
('35',        'RO',        'Suceava'),
('36',        'RO',        'Teleorman'),
('37',        'RO',        'Timis'),
('38',        'RO',        'Tulcea'),
('39',        'RO',        'Vaslui'),
('40',        'RO',        'Vilcea'),
('41',        'RO',        'Vrancea'),
('',        'RS',        'None'),
('',        'RU',        'None'),
('01',        'RU',        'Adigeja Republic'),
('02',        'RU',        'Highlands-Altay R'),
('03',        'RU',        'Republ.of Bashkor'),
('04',        'RU',        'Buryat Republic'),
('05',        'RU',        'Dagestan Republic'),
('06',        'RU',        'Ingushetija Repub'),
('07',        'RU',        'Kabardino-Balkar.'),
('08',        'RU',        'Kalmyk Republic'),
('09',        'RU',        'Karach.-Cherkessk'),
('10',        'RU',        'Karelian Republic'),
('11',        'RU',        'Komi Republic'),
('12',        'RU',        'Marijskaya Republ'),
('13',        'RU',        'Mordovian Republi'),
('14',        'RU',        'Yakutiya-Saha Rre'),
('15',        'RU',        'North-Osetiya Rep'),
('16',        'RU',        'Tatarstan Republi'),
('17',        'RU',        'Tuva Republic'),
('18',        'RU',        'The Udmurt Republ'),
('19',        'RU',        'Chakassky Republi'),
('20',        'RU',        'Chechenskaya Repu'),
('21',        'RU',        'Chuvash Republic'),
('22',        'RU',        'Altay Territory'),
('23',        'RU',        'Krasnodar Territo'),
('24',        'RU',        'Krasnoyarsk Terri'),
('25',        'RU',        'Primorye Territor'),
('26',        'RU',        'Stavropol Territo'),
('27',        'RU',        'Khabarovsk Territ'),
('28',        'RU',        'The Amur Area'),
('29',        'RU',        'The Arkhangelsk A'),
('30',        'RU',        'The Astrakhan Are'),
('31',        'RU',        'The Belgorod Area'),
('32',        'RU',        'The Bryansk Area'),
('33',        'RU',        'The Vladimir Area'),
('34',        'RU',        'The Volgograd Are'),
('35',        'RU',        'The Vologda Area'),
('36',        'RU',        'The Voronezh Area'),
('37',        'RU',        'The Ivanovo Area'),
('38',        'RU',        'The Irkutsk Area'),
('39',        'RU',        'The Kaliningrad A'),
('40',        'RU',        'The Kaluga Area'),
('41',        'RU',        'The Kamchatka Are'),
('42',        'RU',        'The Kemerovo Area'),
('43',        'RU',        'The Kirov Area'),
('44',        'RU',        'The Kostroma Area'),
('45',        'RU',        'The Kurgan Area'),
('46',        'RU',        'The Kursk Area'),
('47',        'RU',        'The Leningrad Are'),
('48',        'RU',        'The Lipetsk Area'),
('49',        'RU',        'The Magadan Area'),
('50',        'RU',        'The Moscow Area'),
('51',        'RU',        'The Murmansk Area'),
('52',        'RU',        'The Nizhniy Novgo'),
('53',        'RU',        'The Novgorod Area'),
('54',        'RU',        'The Novosibirsk A'),
('55',        'RU',        'The Omsk Area'),
('56',        'RU',        'The Orenburg Area'),
('57',        'RU',        'The Oryol Area'),
('58',        'RU',        'The Penza Area'),
('59',        'RU',        'The Perm Area'),
('60',        'RU',        'The Pskov Area'),
('61',        'RU',        'The Rostov Area'),
('62',        'RU',        'The Ryazan Area'),
('63',        'RU',        'The Samara Area'),
('64',        'RU',        'The Saratov Area'),
('65',        'RU',        'The Sakhalin Area'),
('66',        'RU',        'The Sverdlovsk Ar'),
('67',        'RU',        'The Smolensk Area'),
('68',        'RU',        'The Tambov Area'),
('69',        'RU',        'The Tver Area'),
('70',        'RU',        'The Tomsk Area'),
('71',        'RU',        'The Tula Area'),
('72',        'RU',        'The Tyumen Area'),
('73',        'RU',        'The Ulyanovsk Are'),
('74',        'RU',        'The Chelyabinsk A'),
('75',        'RU',        'The Chita Area'),
('76',        'RU',        'The Yaroslavl Are'),
('77',        'RU',        'c.Moscow'),
('78',        'RU',        'c.St-Peterburg'),
('79',        'RU',        'The Jewish Auton.'),
('80',        'RU',        'Aginsk Buryat Aut'),
('81',        'RU',        'Komy Permjats.Aut'),
('82',        'RU',        'Korjacs Auton.dis'),
('83',        'RU',        'Nenekchky Auton.d'),
('84',        'RU',        'The Taymir Auton.'),
('85',        'RU',        'Ust-Ordinsky Bury'),
('86',        'RU',        'Chanti-Mansyjsky'),
('87',        'RU',        'Chukotka Auton. d'),
('88',        'RU',        'Evensky Auton.dis'),
('89',        'RU',        'Jamalo-Nenekchky'),
('',        'RW',        'None'),
('',        'SA',        'None'),
('',        'SB',        'None'),
('',        'SC',        'None'),
('',        'SD',        'None'),
('',        'SE',        'None'),
('001',        'SE',        'Blekinge Län'),
('002',        'SE',        'Dalarnas Län'),
('003',        'SE',        'Gotlands Län'),
('004',        'SE',        'Gävleborgs Län'),
('005',        'SE',        'Hallands Län'),
('006',        'SE',        'Jämtlands Län'),
('007',        'SE',        'Jönköpings Län'),
('008',        'SE',        'Kalmar Län'),
('009',        'SE',        'Kronobergs Län'),
('010',        'SE',        'Norrbottens Län'),
('011',        'SE',        'Skåne Län'),
('012',        'SE',        'Stockholms Län'),
('013',        'SE',        'Södermanlands Län'),
('014',        'SE',        'Uppsala Län'),
('015',        'SE',        'Värmlands Län'),
('016',        'SE',        'Västerbottens Län'),
('017',        'SE',        'Västernorrlands L'),
('018',        'SE',        'Västmanlands Län'),
('019',        'SE',        'Västra Götalands'),
('020',        'SE',        'Örebro Län'),
('021',        'SE',        'Östergötlands Län'),
('',        'SG',        'None'),
('SG',        'SG',        'Singapore'),
('',        'SH',        'None'),
('',        'SI',        'None'),
('01',        'SI',        'Ajdovscina'),
('02',        'SI',        'Brezice'),
('03',        'SI',        'Celje'),
('04',        'SI',        'Cerknica'),
('05',        'SI',        'Crnomelj'),
('06',        'SI',        'Dravograd'),
('07',        'SI',        'Gornja Radgona'),
('08',        'SI',        'Grosuplje'),
('09',        'SI',        'Hrastnik Lasko'),
('10',        'SI',        'Idrija'),
('11',        'SI',        'Ilirska Bistrica'),
('12',        'SI',        'Izola'),
('13',        'SI',        'Jesenice'),
('14',        'SI',        'Kamnik'),
('15',        'SI',        'Kocevje'),
('16',        'SI',        'Koper'),
('17',        'SI',        'Kranj'),
('18',        'SI',        'Krsko'),
('19',        'SI',        'Lenart'),
('20',        'SI',        'Lendava'),
('21',        'SI',        'Litija'),
('22',        'SI',        'Ljubljana-Bezigra'),
('23',        'SI',        'Ljubljana-Center'),
('24',        'SI',        'Ljubljana-Moste-P'),
('25',        'SI',        'Ljubljana-Siska'),
('26',        'SI',        'Ljubljana-Vic-Rud'),
('27',        'SI',        'Ljutomer'),
('28',        'SI',        'Logatec'),
('29',        'SI',        'Maribor'),
('30',        'SI',        'Metlika'),
('31',        'SI',        'Mozirje'),
('32',        'SI',        'Murska Sobota'),
('33',        'SI',        'Nova Gorica'),
('34',        'SI',        'Novo Mesto'),
('35',        'SI',        'Ormoz'),
('36',        'SI',        'Pesnica'),
('37',        'SI',        'Piran'),
('38',        'SI',        'Postojna'),
('39',        'SI',        'Ptuj'),
('40',        'SI',        'Radlje Ob Dravi'),
('41',        'SI',        'Radovljica'),
('42',        'SI',        'Ravne Na Koroskem'),
('43',        'SI',        'Ribnica'),
('44',        'SI',        'Ruse'),
('45',        'SI',        'Sentjur Pri Celju'),
('46',        'SI',        'Sevnica'),
('47',        'SI',        'Sezana'),
('48',        'SI',        'Skofja Loka'),
('49',        'SI',        'Slovenj Gradec'),
('50',        'SI',        'Slovenska Bistric'),
('51',        'SI',        'Slovenske Konjice'),
('52',        'SI',        'Smarje Pri Jelsah'),
('53',        'SI',        'Tolmin'),
('54',        'SI',        'Trbovlje'),
('55',        'SI',        'Trebnje'),
('56',        'SI',        'Trzic'),
('57',        'SI',        'Velenje'),
('58',        'SI',        'Vrhnika'),
('59',        'SI',        'Zagorje Ob Savi'),
('60',        'SI',        'Zalec'),
('',        'SJ',        'None'),
('',        'SK',        'None'),
('01',        'SK',        'Bratislava'),
('02',        'SK',        'Zapadoslovensky'),
('03',        'SK',        'Stredoslovensky'),
('04',        'SK',        'Vychodoslovensky'),
('',        'SL',        'None'),
('',        'SM',        'None'),
('',        'SN',        'None'),
('',        'SO',        'None'),
('',        'SR',        'None'),
('',        'ST',        'None'),
('',        'SV',        'None'),
('',        'SY',        'None'),
('',        'SZ',        'None'),
('',        'TC',        'None'),
('',        'TD',        'None'),
('',        'TF',        'None'),
('',        'TG',        'None'),
('',        'TH',        'None'),
('01',        'TH',        'Amnat Charoen'),
('02',        'TH',        'Ang Thong'),
('03',        'TH',        'Buriram'),
('04',        'TH',        'Chachoengsao'),
('05',        'TH',        'Chai Nat'),
('06',        'TH',        'Chaiyaphum'),
('07',        'TH',        'Chanthaburi'),
('08',        'TH',        'Chiang Mai'),
('09',        'TH',        'Chiang Rai'),
('10',        'TH',        'Chon Buri'),
('11',        'TH',        'Chumphon'),
('12',        'TH',        'Kalasin'),
('13',        'TH',        'Kamphaeng Phet'),
('14',        'TH',        'Kanchanaburi'),
('15',        'TH',        'Khon Kaen'),
('16',        'TH',        'Krabi'),
('17',        'TH',        'Krung Thep'),
('18',        'TH',        'Mahanakhon'),
('19',        'TH',        'Lampang'),
('20',        'TH',        'Lamphun'),
('21',        'TH',        'Loei'),
('22',        'TH',        'Lop Buri'),
('23',        'TH',        'Mae Hong Son'),
('24',        'TH',        'Maha Sarakham'),
('25',        'TH',        'Mukdahan'),
('26',        'TH',        'Nakhon Nayok'),
('27',        'TH',        'Nakhon Pathom'),
('28',        'TH',        'Nakhon Phanom'),
('29',        'TH',        'Nakhon Ratchasima'),
('30',        'TH',        'Nakhon Sawan'),
('31',        'TH',        'Nakhon Si Thammar'),
('32',        'TH',        'Nan'),
('33',        'TH',        'Narathiwat'),
('34',        'TH',        'Nong Bua Lamphu'),
('35',        'TH',        'Nong Khai'),
('36',        'TH',        'Nonthaburi'),
('37',        'TH',        'Pathum Thani'),
('38',        'TH',        'Pattani'),
('39',        'TH',        'Phangnga'),
('40',        'TH',        'Phatthalung'),
('41',        'TH',        'Phayao'),
('42',        'TH',        'Phetchabun'),
('43',        'TH',        'Phetchaburi'),
('44',        'TH',        'Phichit'),
('45',        'TH',        'Phitsanulok'),
('46',        'TH',        'Phra Nakhon Si Ay'),
('47',        'TH',        'Phrae'),
('48',        'TH',        'Phuket'),
('49',        'TH',        'Prachin Buri'),
('',        'TJ',        'None'),
('',        'TK',        'None'),
('',        'TL',        'None'),
('',        'TM',        'None'),
('',        'TN',        'None'),
('',        'TO',        'None'),
('',        'TR',        'None'),
('01',        'TR',        'Adana'),
('02',        'TR',        'Adiyaman'),
('03',        'TR',        'Afyon'),
('04',        'TR',        'Agri'),
('05',        'TR',        'Amasya'),
('06',        'TR',        'Ankara'),
('07',        'TR',        'Antalya'),
('08',        'TR',        'Artvin'),
('09',        'TR',        'Aydin'),
('10',        'TR',        'Balikesir'),
('11',        'TR',        'Bilecik'),
('12',        'TR',        'Bingöl'),
('13',        'TR',        'Bitlis'),
('14',        'TR',        'Bolu'),
('15',        'TR',        'Burdur'),
('16',        'TR',        'Bursa'),
('17',        'TR',        'Canakkale'),
('18',        'TR',        'Cankiri'),
('19',        'TR',        'Corum'),
('20',        'TR',        'Denizli'),
('21',        'TR',        'Diyarbakir'),
('22',        'TR',        'Edirne'),
('23',        'TR',        'Elazig'),
('24',        'TR',        'Erzincan'),
('25',        'TR',        'Erzurum'),
('26',        'TR',        'Eskisehir'),
('27',        'TR',        'Gaziantep'),
('28',        'TR',        'Giresun'),
('29',        'TR',        'Gümüshane'),
('30',        'TR',        'Hakkari'),
('31',        'TR',        'Hatay'),
('32',        'TR',        'Isparta'),
('33',        'TR',        'Icel'),
('34',        'TR',        'Istanbul'),
('35',        'TR',        'Izmir'),
('36',        'TR',        'Kars'),
('37',        'TR',        'Kastamonu'),
('38',        'TR',        'Kayseri'),
('39',        'TR',        'Kirklareli'),
('40',        'TR',        'Kirshehir'),
('41',        'TR',        'Kocaeli'),
('42',        'TR',        'Konya'),
('43',        'TR',        'Kütahya'),
('44',        'TR',        'Malatya'),
('45',        'TR',        'Manisa'),
('46',        'TR',        'K.Marash'),
('47',        'TR',        'Mardin'),
('48',        'TR',        'Mugla'),
('49',        'TR',        'Mush'),
('50',        'TR',        'Nevshehir'),
('51',        'TR',        'Nigde'),
('52',        'TR',        'Ordu'),
('53',        'TR',        'Rize'),
('54',        'TR',        'Sakarya'),
('55',        'TR',        'Samsun'),
('56',        'TR',        'Siirt'),
('57',        'TR',        'Sinop'),
('58',        'TR',        'Sivas'),
('59',        'TR',        'Tekirdag'),
('60',        'TR',        'Tokat'),
('61',        'TR',        'Trabzon'),
('62',        'TR',        'Tunceli'),
('63',        'TR',        'Shanliurfa'),
('64',        'TR',        'Ushak'),
('65',        'TR',        'Van'),
('66',        'TR',        'Yozgat'),
('67',        'TR',        'Zonguldak'),
('68',        'TR',        'Aksaray'),
('69',        'TR',        'Bayburt'),
('70',        'TR',        'Karaman'),
('71',        'TR',        'Kirikkale'),
('72',        'TR',        'Batman'),
('73',        'TR',        'Shirnak'),
('74',        'TR',        'Bartin'),
('75',        'TR',        'Ardahan'),
('76',        'TR',        'Igdir'),
('77',        'TR',        'Yalova'),
('',        'TT',        'None'),
('',        'TV',        'None'),
('',        'TW',        'None'),
('FJN',        'TW',        'Fu-chien'),
('KSH',        'TW',        'Kao-hsiung'),
('TPE',        'TW',        'T´ai-pei'),
('TWN',        'TW',        'Taiwan'),
('',        'TZ',        'None'),
('',        'UA',        'None'),
('CHG',        'UA',        'Chernigivs\'ka'),
('CHR',        'UA',        'Cherkas\'ka'),
('CHV',        'UA',        'Chernovits\'ka'),
('DNP',        'UA',        'Dnipropetrovs\'ka'),
('DON',        'UA',        'Donets\'ka'),
('HAR',        'UA',        'Harkivs\'ka'),
('HML',        'UA',        'Hmel\'nits\'ka'),
('HRS',        'UA',        'Hersons\'ka'),
('IVF',        'UA',        'Ivano-Frankivs\'ka'),
('KIE',        'UA',        'Kievs\'ka'),
('KIR',        'UA',        'Kirovograds\'ka'),
('KRM',        'UA',        'Respublika Krim'),
('L\'V',        'UA',        'L\'vivsbka'),
('LUG',        'UA',        'Lugans\'ka'),
('MIK',        'UA',        'Mikolaivs\'ka'),
('M_K',        'UA',        'm.Kiev'),
('M_S',        'UA',        'm.Sevastopil'),
('ODS',        'UA',        'Odes\'ka'),
('POL',        'UA',        'Poltavs\'ka'),
('RIV',        'UA',        'Rivnens\'ka'),
('SUM',        'UA',        'Sums\'ka'),
('TER',        'UA',        'Ternopil\'s\'ka'),
('VIN',        'UA',        'Vinnits\'ka'),
('VOL',        'UA',        'Volins\'ka'),
('ZAK',        'UA',        'Zakarpats\'ka'),
('ZAP',        'UA',        'Zaporiz\'ka'),
('ZHI',        'UA',        'Zhitomirs\'ka'),
('',        'UG',        'None'),
('',        'UM',        'None'),
('AA',        'US',        'APO/FPO Amer. xl'),
('AE',        'US',        'APO/FPO Eu, ME, Af'),
('AK',        'US',        'Alaska'),
('AL',        'US',        'Alabama'),
('AP',        'US',        'APO/FPO Pacific'),
('AR',        'US',        'Arkansas'),
('AS',        'US',        'American Samoa'),
('AZ',        'US',        'Arizona'),
('CA',        'US',        'California'),
('CO',        'US',        'Colorado'),
('CT',        'US',        'Connecticut'),
('DC',        'US',        'District of Colum'),
('DE',        'US',        'Delaware'),
('FL',        'US',        'Florida'),
('GA',        'US',        'Georgia'),
('GU',        'US',        'Guam'),
('HI',        'US',        'Hawaii'),
('IA',        'US',        'Iowa'),
('ID',        'US',        'Idaho'),
('IL',        'US',        'Illinois'),
('IN',        'US',        'Indiana'),
('KS',        'US',        'Kansas'),
('KY',        'US',        'Kentucky'),
('LA',        'US',        'Louisiana'),
('MA',        'US',        'Massachusetts'),
('MD',        'US',        'Maryland'),
('ME',        'US',        'Maine'),
('MI',        'US',        'Michigan'),
('MN',        'US',        'Minnesota'),
('MO',        'US',        'Missouri'),
('MP',        'US',        'Northern Mariana'),
('MS',        'US',        'Mississippi'),
('MT',        'US',        'Montana'),
('NB',        'US',        'New Brunswick'),
('NC',        'US',        'North Carolina'),
('ND',        'US',        'North Dakota'),
('NE',        'US',        'Nebraska'),
('NF',        'US',        'Newfoundland'),
('NH',        'US',        'New Hampshire'),
('NJ',        'US',        'New Jersey'),
('NM',        'US',        'New Mexico'),
('NT',        'US',        'Northwest Territo'),
('NV',        'US',        'Nevada'),
('NY',        'US',        'New York'),
('OH',        'US',        'Ohio'),
('OK',        'US',        'Oklahoma'),
('OR',        'US',        'Oregon'),
('PA',        'US',        'Pennsylvania'),
('PE',        'US',        'Prince Edward Isl'),
('PR',        'US',        'Puerto Rico'),
('RI',        'US',        'Rhode Island'),
('SC',        'US',        'South Carolina'),
('SD',        'US',        'South Dakota'),
('TN',        'US',        'Tennessee'),
('TX',        'US',        'Texas'),
('UT',        'US',        'Utah'),
('VA',        'US',        'Virginia'),
('VI',        'US',        'Virgin Islands'),
('VT',        'US',        'Vermont'),
('WA',        'US',        'Washington'),
('WI',        'US',        'Wisconsin'),
('WV',        'US',        'West Virginia'),
('WY',        'US',        'Wyoming'),
('',        'UY',        'None'),
('',        'UZ',        'None'),
('',        'VA',        'None'),
('',        'VC',        'None'),
('',        'VE',        'None'),
('AMA',        'VE',        'Amazon'),
('ANZ',        'VE',        'Anzoategui'),
('APU',        'VE',        'Apure'),
('ARA',        'VE',        'Aragua'),
('BAR',        'VE',        'Barinas'),
('BOL',        'VE',        'Bolivar'),
('CAR',        'VE',        'Carabobo'),
('COJ',        'VE',        'Cojedes'),
('DA',        'VE',        'Delta Amacuro'),
('DF',        'VE',        'Distrito Federal'),
('FAL',        'VE',        'Falcon'),
('GUA',        'VE',        'Guarico'),
('LAR',        'VE',        'Lara'),
('MER',        'VE',        'Merida'),
('MIR',        'VE',        'Miranda'),
('MON',        'VE',        'Monagas'),
('NE',        'VE',        'Nueva Esparta'),
('POR',        'VE',        'Portuguesa'),
('SUC',        'VE',        'Sucre'),
('TAC',        'VE',        'Tachira'),
('TRU',        'VE',        'Trujillo'),
('VAR',        'VE',        'Vargas'),
('YAR',        'VE',        'Yaracuy'),
('ZUL',        'VE',        'Zulia'),
('',        'VG',        'None'),
('',        'VI',        'None'),
('',        'VN',        'None'),
('',        'VU',        'None'),
('',        'WF',        'None'),
('',        'WS',        'None'),
('',        'YE',        'None'),
('',        'YT',        'None'),
('',        'ZA',        'None'),
('EC',        'ZA',        'Eastern Cape'),
('FS',        'ZA',        'Freestate'),
('GP',        'ZA',        'Gauteng'),
('KZN',        'ZA',        'Kwazulu/Natal'),
('MP',        'ZA',        'Mpumalanga'),
('NC',        'ZA',        'Northern Cape'),
('NP',        'ZA',        'Northern Province'),
('NW',        'ZA',        'North-West'),
('WC',        'ZA',        'Western Cape'),
('',        'ZM',        'None'),
('',        'ZW',        'None');

# Dump of table dp_upload_session_app_status
# ------------------------------------------------------------
INSERT IGNORE INTO `dp_upload_session_app_status` (`status_id`, `label`) VALUES
(1,        'Active'),
(4,        'Committed'),
(128,        'Aborted');

# Dump of table jos_dp_configuration
# ------------------------------------------------------------
INSERT IGNORE INTO `jos_dp_configuration` (`config_key`, `config_value`, `config_comment`, `config_env_specific`) VALUES
('apps.archive.path',        '/nethdd/Data/acpkg/Packages/archive/',        'App : Place to archive applications',        0),
('apps.bulk.review.path',        '/nethdd/Data/acpkg/Packages/bulkReviews/',        'Path on nethdd where bulk submissions requiring review are staged for pds-admin tool',        0),
('apps.fileservice.assets.base.dir',        '/nethdd/Data/fileservice/assets',        'base directory on the NAS for accessing file service assets',        1),
('apps.fileservice.assets.base.url',        'http://enterprise.pds.dev.palmws.com/assets',        'base url for accessing application file service assets',        1),
('apps.item.image.path',        '/nethdd/Data/acpkg/inapp/submissions/',        'App : Place to save item images',        0),
('apps.public.assets.base.url',        'http://web.sbdev.palm.com/virtual1/public',        'base url for accessing application image assets',        1),
('apps.screen.shots.path',        '/nethdd/Data/acpkg/Packages/screenshots/',        'App : Place to save screenshots',        0),
('apps.tmp.upload.path',        '/nethdd/Data/acpkg/Packages/incomplete/',        'App: temporary upload location of applications',        1),
('apps.upload.path',        '/nethdd/Data/acpkg/Packages/unsigned/',        'App: upload location of applications',        1),
('java.inapp.service.url',                'http://localhost:8080 inapp/app',             'Base url to the java in app service.',          0),
('services.appsubmission.url',        'http://appsubmission/appsubmission/2.0',        'App submission webservice url',        1),
('clam.av.dat.download.url','http://pds-admin.pds.sbdev.palmws.com/ApplicationPipeline/ClamAV/datFiles/','The Base URL for downloading AV Dat files.',1),
('clam.av.default.dat.dir','/nethdd/Data/acpkg/Packages/clamav.dat.files','Storage directory from ClamAV databases',1),
('app.pipeline.services.url',        'http://pipeline/',        'the base url for app-pipeline services [env specific]',        1),
('system.akamai.rsync.retries',        '3',        'The number of retries of an rsync command before surrender',        0),
('system.akamai.rsync.timeout',        '1200',        'The length of time before an akamai rsync will abort',        0),
('system.cdn.type',        'Akamai',        'This is the type of CDN that we use for the environment',        1),
('app.image.processing.timeout',        '300',        'Time out for image scaling ans saving during app submission',        0),
('app.submission.service.timeout',        '300',        'Timeout for app submission service calls',        0);

# Dump of table jos_dp_categories
# ------------------------------------------------------------
INSERT IGNORE INTO `jos_dp_categories` (`id`, `name`, `languageid`, `creator`, `created`, `isenabled`, `parentid`, `enterpriseid`) VALUES
(2,        'Books',        0,        '',        '2009-08-18 01:43:43',        1,        0,        '1'),
(3,        'Business',        0,        '',        '2009-08-18 01:43:43',        1,        0,        '1'),
(4,        'Education',        0,        '',        '2009-08-18 01:43:43',        1,        0,        '1'),
(5,        'Entertainment',        0,        '',        '2009-08-18 01:43:43',        1,        0,        '1'),
(6,        'Finance',        0,        '',        '2009-08-18 01:43:43',        1,        0,        '1'),
(7,        'Food',        0,        '',        '2009-08-18 01:43:43',        1,        0,        '1'),
(8,        'Games',        0,        '',        '2009-08-18 01:43:43',        1,        0,        '1'),
(9,        'Health & Fitness',        0,        '',        '2009-08-18 01:43:43',        1,        0,        '1'),
(10,        'Lifestyle',        0,        '',        '2009-08-18 01:43:43',        1,        0,        '1'),
(11,        'Music',        0,        '',        '2009-08-18 01:43:43',        1,        0,        '1'),
(12,        'Navigation',        0,        '',        '2009-08-18 01:43:43',        1,        0,        '1'),
(13,        'News',        0,        '',        '2009-08-18 01:43:43',        1,        0,        '1'),
(14,        'Photography',        0,        '',        '2009-08-18 01:43:43',        1,        0,        '1'),
(15,        'Productivity & Utilities',        0,        '',        '2009-08-18 01:43:43',        1,        0,        '1'),
(16,        'Reference',        0,        '',        '2009-08-18 01:43:43',        1,        0,        '1'),
(17,        'Social Networking',        0,        '',        '2009-08-18 01:43:43',        1,        0,        '1'),
(18,        'Sports',        0,        '',        '2009-08-18 01:43:43',        1,        0,        '1'),
(19,        'Travel',        0,        '',        '2009-08-18 01:43:43',        1,        0,        '1'),
(20,        'Weather',        0,        '',        '2009-08-18 01:43:43',        1,        0,        '1'),
(21,        'Libros',        4,        'Admin',        '2012-07-06 15:34:39',        1,        0,        '1'),
(22,        'Negocios',        4,        'Admin',        '2012-07-06 15:34:39',        1,        0,        '1'),
(23,        'Educación',        4,        'Admin',        '2012-07-06 15:34:39',        1,        0,        '1'),
(24,        'Entretenimiento',        4,        'Admin',        '2012-07-06 15:34:39',        1,        0,        '1'),
(25,        'Finanzas',        4,        'Admin',        '2012-07-06 15:34:39',        1,        0,        '1'),
(26,        'Alimentos',        4,        'Admin',        '2012-07-06 15:34:39',        1,        0,        '1'),
(27,        'Juegos',        4,        'Admin',        '2012-07-06 15:34:39',        1,        0,        '1'),
(28,        'Salud y ejercicio',        4,        'Admin',        '2012-07-06 15:34:39',        1,        0,        '1'),
(29,        'Estilo de vida',        4,        'Admin',        '2012-07-06 15:34:39',        1,        0,        '1'),
(30,        'Música',        4,        'Admin',        '2012-07-06 15:34:39',        1,        0,        '1'),
(31,        'Navegación',        4,        'Admin',        '2012-07-06 15:34:39',        1,        0,        '1'),
(32,        'Noticias',        4,        'Admin',        '2012-07-06 15:34:39',        1,        0,        '1'),
(33,        'Fotografía',        4,        'Admin',        '2012-07-06 15:34:39',        1,        0,        '1'),
(34,        'Productividad',        4,        'Admin',        '2012-07-06 15:34:39',        1,        0,        '1'),
(35,        'Consulta',        4,        'Admin',        '2012-07-06 15:34:39',        1,        0,        '1'),
(36,        'Interacción social',        4,        'Admin',        '2012-07-06 15:34:39',        1,        0,        '1'),
(37,        'Deportes',        4,        'Admin',        '2012-07-06 15:34:39',        1,        0,        '1'),
(38,        'Turismo',        4,        'Admin',        '2012-07-06 15:34:39',        1,        0,        '1'),
(39,        'Tiempo',        4,        'Admin',        '2012-07-06 15:34:39',        1,        0,        '1'),
(40,        'Livres',        1,        'Admin',        '2012-07-06 15:35:07',        1,        0,        '1'),
(41,        'Entreprise',        1,        'Admin',        '2012-07-06 15:35:07',        1,        0,        '1'),
(42,        'Éducation',        1,        'Admin',        '2012-07-06 15:35:07',        1,        0,        '1'),
(43,        'Divertissement',        1,        'Admin',        '2012-07-06 15:35:07',        1,        0,        '1'),
(44,        'Finance',        1,        'Admin',        '2012-07-06 15:35:07',        1,        0,        '1'),
(45,        'Cuisine',        1,        'Admin',        '2012-07-06 15:35:07',        1,        0,        '1'),
(46,        'Jeux',        1,        'Admin',        '2012-07-06 15:35:07',        1,        0,        '1'),
(47,        'Santé et fitness',        1,        'Admin',        '2012-07-06 15:35:07',        1,        0,        '1'),
(48,        'Style de vie',        1,        'Admin',        '2012-07-06 15:35:07',        1,        0,        '1'),
(49,        'Musique',        1,        'Admin',        '2012-07-06 15:35:07',        1,        0,        '1'),
(50,        'Navigation',        1,        'Admin',        '2012-07-06 15:35:07',        1,        0,        '1'),
(51,        'Actualités',        1,        'Admin',        '2012-07-06 15:35:07',        1,        0,        '1'),
(52,        'Photographie',        1,        'Admin',        '2012-07-06 15:35:07',        1,        0,        '1'),
(53,        'Productivité',        1,        'Admin',        '2012-07-06 15:35:07',        1,        0,        '1'),
(54,        'Connaissance',        1,        'Admin',        '2012-07-06 15:35:07',        1,        0,        '1'),
(55,        'Réseaux sociaux',        1,        'Admin',        '2012-07-06 15:35:07',        1,        0,        '1'),
(56,        'Sports',        1,        'Admin',        '2012-07-06 15:35:07',        1,        0,        '1'),
(57,        'Voyages',        1,        'Admin',        '2012-07-06 15:35:07',        1,        0,        '1'),
(58,        'Météo',        1,        'Admin',        '2012-07-06 15:35:07',        1,        0,        '1'),
(59,        'Bücher',        2,        'Admin',        '2012-07-06 15:35:07',        1,        0,        '1'),
(60,        'Business',        2,        'Admin',        '2012-07-06 15:35:07',        1,        0,        '1'),
(61,        'Bildung',        2,        'Admin',        '2012-07-06 15:35:07',        1,        0,        '1'),
(62,        'Unterhaltung',        2,        'Admin',        '2012-07-06 15:35:07',        1,        0,        '1'),
(63,        'Finanzen',        2,        'Admin',        '2012-07-06 15:35:07',        1,        0,        '1'),
(64,        'Essen',        2,        'Admin',        '2012-07-06 15:35:07',        1,        0,        '1'),
(65,        'Spiele',        2,        'Admin',        '2012-07-06 15:35:07',        1,        0,        '1'),
(66,        'Gesundheit und Fitness',        2,        'Admin',        '2012-07-06 15:35:07',        1,        0,        '1'),
(67,        'Lifestyle',        2,        'Admin',        '2012-07-06 15:35:07',        1,        0,        '1'),
(68,        'Musik',        2,        'Admin',        '2012-07-06 15:35:07',        1,        0,        '1'),
(69,        'Navigation',        2,        'Admin',        '2012-07-06 15:35:07',        1,        0,        '1'),
(70,        'Nachrichten',        2,        'Admin',        '2012-07-06 15:35:07',        1,        0,        '1'),
(71,        'Fotografie',        2,        'Admin',        '2012-07-06 15:35:07',        1,        0,        '1'),
(72,        'Produktivität',        2,        'Admin',        '2012-07-06 15:35:07',        1,        0,        '1'),
(73,        'Referenz',        2,        'Admin',        '2012-07-06 15:35:07',        1,        0,        '1'),
(74,        'Soziale Netzwerke',        2,        'Admin',        '2012-07-06 15:35:07',        1,        0,        '1'),
(75,        'Sport',        2,        'Admin',        '2012-07-06 15:35:07',        1,        0,        '1'),
(76,        'Reisen',        2,        'Admin',        '2012-07-06 15:35:07',        1,        0,        '1'),
(77,        'Wetter',        2,        'Admin',        '2012-07-06 15:35:07',        1,        0,        '1'),
(201,        'Business',        0,        '',        '2009-08-18 01:43:43',        1,        2,        '1'),
(202,        'Classics',        0,        '',        '2009-08-18 01:43:43',        1,        2,        '1'),
(203,        'Fantasy',        0,        '',        '2009-08-18 01:43:43',        1,        2,        '1'),
(204,        'Humor',        0,        '',        '2009-08-18 01:43:43',        1,        2,        '1'),
(205,        'Reference',        0,        '',        '2009-08-18 01:43:43',        1,        2,        '1'),
(206,        'Romance',        0,        '',        '2009-08-18 01:43:43',        1,        2,        '1'),
(207,        'Science Fiction',        0,        '',        '2009-08-18 01:43:43',        1,        2,        '1'),
(208,        'Self-Help',        0,        '',        '2009-08-18 01:43:43',        1,        2,        '1'),
(209,        'Technical',        0,        '',        '2009-08-18 01:43:43',        1,        2,        '1'),
(210,        'Travel',        0,        '',        '2009-08-18 01:43:43',        1,        2,        '1'),
(211,        'Fiction',        0,        '',        '2009-08-18 01:43:43',        1,        2,        '1'),
(212,        'Non-fiction',        0,        '',        '2009-08-18 01:43:43',        1,        2,        '1'),
(213,        'Children\'s',        0,        '',        '2009-08-18 01:43:43',        1,        2,        '1'),
(214,        'Teen',        0,        '',        '2009-08-18 01:43:43',        1,        2,        '1'),
(301,        'Clients',        0,        'Admin',        '2012-07-06 15:34:37',        1,        3,        '1'),
(302,        'Jobs / Career',        0,        'Admin',        '2012-07-06 15:34:37',        1,        3,        '1'),
(303,        'Legal',        0,        'Admin',        '2012-07-06 15:34:37',        1,        3,        '1'),
(304,        'Management',        0,        'Admin',        '2012-07-06 15:34:37',        1,        3,        '1'),
(305,        'Non-Profit',        0,        'Admin',        '2012-07-06 15:34:37',        1,        3,        '1'),
(306,        'Realtor',        0,        'Admin',        '2012-07-06 15:34:37',        1,        3,        '1'),
(307,        'Reminder / To Do',        0,        'Admin',        '2012-07-06 15:34:37',        1,        3,        '1'),
(308,        'Sales',        0,        'Admin',        '2012-07-06 15:34:37',        1,        3,        '1'),
(309,        'Advertising',        0,        'Admin',        '2012-07-06 15:34:37',        1,        3,        '1'),
(310,        'Analysis',        0,        'Admin',        '2012-07-06 15:34:37',        1,        3,        '1'),
(311,        'Auction / Sales',        0,        'Admin',        '2012-07-06 15:34:37',        1,        3,        '1'),
(401,        'Pre-School',        0,        'Admin',        '2012-07-06 15:34:37',        1,        4,        '1'),
(402,        'Elementary',        0,        'Admin',        '2012-07-06 15:34:37',        1,        4,        '1'),
(403,        'College',        0,        'Admin',        '2012-07-06 15:34:37',        1,        4,        '1'),
(404,        'High School',        0,        'Admin',        '2012-07-06 15:34:37',        1,        4,        '1'),
(405,        'Middle School',        0,        'Admin',        '2012-07-06 15:34:37',        1,        4,        '1'),
(406,        'Teacher',        0,        'Admin',        '2012-07-06 15:34:37',        1,        4,        '1'),
(407,        'Flashcards / Drills',        0,        'Admin',        '2012-07-06 15:34:37',        1,        4,        '1'),
(408,        'Lessons / Activities',        0,        'Admin',        '2012-07-06 15:34:37',        1,        4,        '1'),
(409,        'Foreign Language',        0,        'Admin',        '2012-07-06 15:34:37',        1,        4,        '1'),
(410,        'Writing / Grammar',        0,        'Admin',        '2012-07-06 15:34:37',        1,        4,        '1'),
(411,        'Vocabulary',        0,        'Admin',        '2012-07-06 15:34:37',        1,        4,        '1'),
(501,        'Adult',        0,        'Admin',        '2012-07-06 15:34:37',        1,        5,        '1'),
(502,        'Family',        0,        'Admin',        '2012-07-06 15:34:37',        1,        5,        '1'),
(503,        'Humor',        0,        'Admin',        '2012-07-06 15:34:37',        1,        5,        '1'),
(504,        'Pranks',        0,        'Admin',        '2012-07-06 15:34:37',        1,        5,        '1'),
(505,        'Horror',        0,        'Admin',        '2012-07-06 15:34:37',        1,        5,        '1'),
(506,        'Animals',        0,        'Admin',        '2012-07-06 15:34:37',        1,        5,        '1'),
(507,        'Celebrity',        0,        'Admin',        '2012-07-06 15:34:37',        1,        5,        '1'),
(508,        'Movies / TV',        0,        'Admin',        '2012-07-06 15:34:37',        1,        5,        '1'),
(509,        'Fashion',        0,        'Admin',        '2012-07-06 15:34:37',        1,        5,        '1'),
(601,        'Banking',        0,        'Admin',        '2012-07-06 15:34:37',        1,        6,        '1'),
(602,        'Business',        0,        'Admin',        '2012-07-06 15:34:37',        1,        6,        '1'),
(603,        'Personal',        0,        'Admin',        '2012-07-06 15:34:37',        1,        6,        '1'),
(604,        'Stocks',        0,        'Admin',        '2012-07-06 15:34:37',        1,        6,        '1'),
(605,        'Budget',        0,        'Admin',        '2012-07-06 15:34:37',        1,        6,        '1'),
(606,        'Retirement',        0,        'Admin',        '2012-07-06 15:34:37',        1,        6,        '1'),
(607,        'Receipts',        0,        'Admin',        '2012-07-06 15:34:37',        1,        6,        '1'),
(608,        'Coupons',        0,        'Admin',        '2012-07-06 15:34:37',        1,        6,        '1'),
(609,        'Debt / Payments',        0,        'Admin',        '2012-07-06 15:34:37',        1,        6,        '1'),
(701,        'Vegetarian/Vegan',        0,        'Admin',        '2012-07-06 15:34:37',        1,        7,        '1'),
(702,        'Recipes',        0,        'Admin',        '2012-07-06 15:34:37',        1,        7,        '1'),
(703,        'Restaurants',        0,        'Admin',        '2012-07-06 15:34:37',        1,        7,        '1'),
(704,        'Fast food',        0,        'Admin',        '2012-07-06 15:34:37',        1,        7,        '1'),
(705,        'Nutrition',        0,        'Admin',        '2012-07-06 15:34:37',        1,        7,        '1'),
(801,        'Children',        0,        'Admin',        '2012-07-06 15:34:37',        1,        8,        '1'),
(802,        'Arcade',        0,        'Admin',        '2012-07-06 15:34:37',        1,        8,        '1'),
(803,        'Classics',        0,        'Admin',        '2012-07-06 15:34:37',        1,        8,        '1'),
(804,        'Cards',        0,        'Admin',        '2012-07-06 15:34:37',        1,        8,        '1'),
(805,        'Brain Teasers',        0,        'Admin',        '2012-07-06 15:34:37',        1,        8,        '1'),
(806,        'Puzzles / Word Games',        0,        'Admin',        '2012-07-06 15:34:37',        1,        8,        '1'),
(807,        'Trivia',        0,        'Admin',        '2012-07-06 15:34:37',        1,        8,        '1'),
(808,        'Strategy',        0,        'Admin',        '2012-07-06 15:34:37',        1,        8,        '1'),
(809,        'Sports',        0,        'Admin',        '2012-07-06 15:34:37',        1,        8,        '1'),
(810,        'Racing',        0,        'Admin',        '2012-07-06 15:34:37',        1,        8,        '1'),
(811,        'Action / Adventure',        0,        'Admin',        '2012-07-06 15:34:37',        1,        8,        '1'),
(812,        'Violent',        0,        'Admin',        '2012-07-06 15:34:37',        1,        8,        '1'),
(901,        'Nutrition',        0,        'Admin',        '2012-07-06 15:34:37',        1,        9,        '1'),
(902,        'Workout / Training',        0,        'Admin',        '2012-07-06 15:34:37',        1,        9,        '1'),
(903,        'Weight Loss',        0,        'Admin',        '2012-07-06 15:34:37',        1,        9,        '1'),
(904,        'Gym / Health Club',        0,        'Admin',        '2012-07-06 15:34:37',        1,        9,        '1'),
(905,        'Lifestyle',        0,        'Admin',        '2012-07-06 15:34:37',        1,        9,        '1'),
(906,        'Monitoring',        0,        'Admin',        '2012-07-06 15:34:37',        1,        9,        '1'),
(907,        'Reference',        0,        'Admin',        '2012-07-06 15:34:37',        1,        9,        '1'),
(908,        'Events',        0,        'Admin',        '2012-07-06 15:34:37',        1,        9,        '1'),
(909,        'Men',        0,        'Admin',        '2012-07-06 15:34:37',        1,        9,        '1'),
(910,        'Women',        0,        'Admin',        '2012-07-06 15:34:37',        1,        9,        '1'),
(911,        'Children',        0,        'Admin',        '2012-07-06 15:34:37',        1,        9,        '1'),
(912,        'Senior',        0,        'Admin',        '2012-07-06 15:34:37',        1,        9,        '1'),
(1001,        'Dating',        0,        'Admin',        '2012-07-06 15:34:37',        1,        10,        '1'),
(1002,        'Food and Drinks',        0,        'Admin',        '2012-07-06 15:34:37',        1,        10,        '1'),
(1003,        'Events',        0,        'Admin',        '2012-07-06 15:34:37',        1,        10,        '1'),
(1004,        'Journals',        0,        'Admin',        '2012-07-06 15:34:37',        1,        10,        '1'),
(1005,        'Social',        0,        'Admin',        '2012-07-06 15:34:37',        1,        10,        '1'),
(1006,        'Hobbies',        0,        'Admin',        '2012-07-06 15:34:37',        1,        10,        '1'),
(1007,        'Humor',        0,        'Admin',        '2012-07-06 15:34:37',        1,        10,        '1'),
(1008,        'Tips / Techniques',        0,        'Admin',        '2012-07-06 15:34:37',        1,        10,        '1'),
(1101,        'Radio / Broadcasts',        0,        'Admin',        '2012-07-06 15:34:37',        1,        11,        '1'),
(1102,        'Instruments',        0,        'Admin',        '2012-07-06 15:34:37',        1,        11,        '1'),
(1103,        'Lessons',        0,        'Admin',        '2012-07-06 15:34:37',        1,        11,        '1'),
(1104,        'Compose / Edit',        0,        'Admin',        '2012-07-06 15:34:37',        1,        11,        '1'),
(1105,        'Artists',        0,        'Admin',        '2012-07-06 15:34:37',        1,        11,        '1'),
(1106,        'Indie',        0,        'Admin',        '2012-07-06 15:34:37',        1,        11,        '1'),
(1107,        'Events',        0,        'Admin',        '2012-07-06 15:34:37',        1,        11,        '1'),
(1108,        'Discovery',        0,        'Admin',        '2012-07-06 15:34:37',        1,        11,        '1'),
(1201,        'Driving',        0,        'Admin',        '2012-07-06 15:34:37',        1,        12,        '1'),
(1202,        'Traffic',        0,        'Admin',        '2012-07-06 15:34:37',        1,        12,        '1'),
(1203,        'Schedules',        0,        'Admin',        '2012-07-06 15:34:37',        1,        12,        '1'),
(1204,        'Maps',        0,        'Admin',        '2012-07-06 15:34:37',        1,        12,        '1'),
(1205,        'Public Transit',        0,        'Admin',        '2012-07-06 15:34:37',        1,        12,        '1'),
(1206,        'Tools',        0,        'Admin',        '2012-07-06 15:34:37',        1,        12,        '1'),
(1301,        'Current / Breaking',        0,        'Admin',        '2012-07-06 15:34:37',        1,        13,        '1'),
(1302,        'Local',        0,        'Admin',        '2012-07-06 15:34:37',        1,        13,        '1'),
(1303,        'National',        0,        'Admin',        '2012-07-06 15:34:37',        1,        13,        '1'),
(1304,        'World',        0,        'Admin',        '2012-07-06 15:34:37',        1,        13,        '1'),
(1305,        'Entertainment',        0,        'Admin',        '2012-07-06 15:34:37',        1,        13,        '1'),
(1306,        'Business / Stocks',        0,        'Admin',        '2012-07-06 15:34:37',        1,        13,        '1'),
(1307,        'Sports',        0,        'Admin',        '2012-07-06 15:34:37',        1,        13,        '1'),
(1308,        'Special Interest',        0,        'Admin',        '2012-07-06 15:34:37',        1,        13,        '1'),
(1401,        'Professional',        0,        'Admin',        '2012-07-06 15:34:37',        1,        14,        '1'),
(1402,        'Lessons',        0,        'Admin',        '2012-07-06 15:34:37',        1,        14,        '1'),
(1403,        'Tools',        0,        'Admin',        '2012-07-06 15:34:37',        1,        14,        '1'),
(1404,        'Galleries',        0,        'Admin',        '2012-07-06 15:34:37',        1,        14,        '1'),
(1405,        'Effects / Editing',        0,        'Admin',        '2012-07-06 15:34:37',        1,        14,        '1'),
(1501,        'Tools',        0,        'Admin',        '2012-07-06 15:34:37',        1,        15,        '1'),
(1502,        'Calculation',        0,        'Admin',        '2012-07-06 15:34:37',        1,        15,        '1'),
(1503,        'Lists',        0,        'Admin',        '2012-07-06 15:34:37',        1,        15,        '1'),
(1504,        'How To',        0,        'Admin',        '2012-07-06 15:34:37',        1,        15,        '1'),
(1505,        'Reminder',        0,        'Admin',        '2012-07-06 15:34:37',        1,        15,        '1'),
(1506,        'Gadgets',        0,        'Admin',        '2012-07-06 15:34:37',        1,        15,        '1'),
(1507,        'Emergency',        0,        'Admin',        '2012-07-06 15:34:37',        1,        15,        '1'),
(1601,        'Translation',        0,        'Admin',        '2012-07-06 15:34:37',        1,        16,        '1'),
(1602,        'Dictionary / Thesaurus',        0,        'Admin',        '2012-07-06 15:34:37',        1,        16,        '1'),
(1603,        'Medical',        0,        'Admin',        '2012-07-06 15:34:37',        1,        16,        '1'),
(1604,        'Legal',        0,        'Admin',        '2012-07-06 15:34:37',        1,        16,        '1'),
(1605,        'Trivia / Facts',        0,        'Admin',        '2012-07-06 15:34:37',        1,        16,        '1'),
(1606,        'Quotes',        0,        'Admin',        '2012-07-06 15:34:37',        1,        16,        '1'),
(1607,        'Entertainment',        0,        'Admin',        '2012-07-06 15:34:37',        1,        16,        '1'),
(1608,        'Hobbies',        0,        'Admin',        '2012-07-06 15:34:37',        1,        16,        '1'),
(1701,        'Chat',        0,        'Admin',        '2012-07-06 15:34:37',        1,        17,        '1'),
(1702,        'Twitter',        0,        'Admin',        '2012-07-06 15:34:37',        1,        17,        '1'),
(1703,        'Dating',        0,        'Admin',        '2012-07-06 15:34:37',        1,        17,        '1'),
(1704,        'Special Interest',        0,        'Admin',        '2012-07-06 15:34:37',        1,        17,        '1'),
(1705,        'Teen',        0,        'Admin',        '2012-07-06 15:34:37',        1,        17,        '1'),
(1706,        'General',        0,        'Admin',        '2012-07-06 15:34:37',        1,        17,        '1'),
(1801,        'Fantasy Leagues',        0,        'Admin',        '2012-07-06 15:34:37',        1,        18,        '1'),
(1802,        'News',        0,        'Admin',        '2012-07-06 15:34:37',        1,        18,        '1'),
(1803,        'Events',        0,        'Admin',        '2012-07-06 15:34:37',        1,        18,        '1'),
(1804,        'Scores / Statistics',        0,        'Admin',        '2012-07-06 15:34:37',        1,        18,        '1'),
(1805,        'Games',        0,        'Admin',        '2012-07-06 15:34:37',        1,        18,        '1'),
(1806,        'Leagues',        0,        'Admin',        '2012-07-06 15:34:37',        1,        18,        '1'),
(1807,        'Broadcast',        0,        'Admin',        '2012-07-06 15:34:37',        1,        18,        '1'),
(1808,        'Sport Type',        0,        'Admin',        '2012-07-06 15:34:37',        1,        18,        '1'),
(1901,        'Currency',        0,        'Admin',        '2012-07-06 15:34:37',        1,        19,        '1'),
(1902,        'Phrases / Translator',        0,        'Admin',        '2012-07-06 15:34:37',        1,        19,        '1'),
(1903,        'Guides',        0,        'Admin',        '2012-07-06 15:34:37',        1,        19,        '1'),
(1904,        'Local Attractions',        0,        'Admin',        '2012-07-06 15:34:37',        1,        19,        '1'),
(1905,        'Transportation',        0,        'Admin',        '2012-07-06 15:34:37',        1,        19,        '1'),
(1906,        'Maps',        0,        'Admin',        '2012-07-06 15:34:37',        1,        19,        '1'),
(1907,        'Food and Lodging',        0,        'Admin',        '2012-07-06 15:34:37',        1,        19,        '1'),
(2001,        'Storms / Warnings',        0,        'Admin',        '2012-07-06 15:34:37',        1,        20,        '1'),
(2002,        'Forecast',        0,        'Admin',        '2012-07-06 15:34:37',        1,        20,        '1'),
(2003,        'Air Quality',        0,        'Admin',        '2012-07-06 15:34:37',        1,        20,        '1'),
(2004,        'Waves / Snow',        0,        'Admin',        '2012-07-06 15:34:37',        1,        20,        '1'),
(2005,        'By Location',        0,        'Admin',        '2012-07-06 15:34:37',        1,        20,        '1'),
(2101,        'Negocios',        4,        'Admin',        '2012-07-06 15:34:39',        1,        21,        '1'),
(2102,        'Clásicos',        4,        'Admin',        '2012-07-06 15:34:39',        1,        21,        '1'),
(2103,        'Fantasía',        4,        'Admin',        '2012-07-06 15:34:39',        1,        21,        '1'),
(2104,        'Humorismo',        4,        'Admin',        '2012-07-06 15:34:39',        1,        21,        '1'),
(2105,        'Consulta',        4,        'Admin',        '2012-07-06 15:34:39',        1,        21,        '1'),
(2106,        'Romance',        4,        'Admin',        '2012-07-06 15:34:39',        1,        21,        '1'),
(2107,        'Ciencia ficción',        4,        'Admin',        '2012-07-06 15:34:39',        1,        21,        '1'),
(2108,        'Autoayuda',        4,        'Admin',        '2012-07-06 15:34:39',        1,        21,        '1'),
(2109,        'Técnicos',        4,        'Admin',        '2012-07-06 15:34:39',        1,        21,        '1'),
(2110,        'Turismo',        4,        'Admin',        '2012-07-06 15:34:39',        1,        21,        '1'),
(2111,        'Ficción',        4,        'Admin',        '2012-07-06 15:34:39',        1,        21,        '1'),
(2112,        'No ficción',        4,        'Admin',        '2012-07-06 15:34:39',        1,        21,        '1'),
(2113,        'Niños',        4,        'Admin',        '2012-07-06 15:34:39',        1,        21,        '1'),
(2114,        'Jóvenes',        4,        'Admin',        '2012-07-06 15:34:39',        1,        21,        '1'),
(2115,        'Todos',        4,        'Admin',        '2012-07-06 15:34:39',        1,        21,        '1'),
(2201,        'Clientes',        4,        'Admin',        '2012-07-06 15:34:39',        1,        22,        '1'),
(2202,        'Trabajos / Profesión',        4,        'Admin',        '2012-07-06 15:34:39',        1,        22,        '1'),
(2203,        'Derecho',        4,        'Admin',        '2012-07-06 15:34:39',        1,        22,        '1'),
(2204,        'Administración',        4,        'Admin',        '2012-07-06 15:34:39',        1,        22,        '1'),
(2205,        'Sin fines de lucro',        4,        'Admin',        '2012-07-06 15:34:39',        1,        22,        '1'),
(2206,        'Bienes raíces',        4,        'Admin',        '2012-07-06 15:34:39',        1,        22,        '1'),
(2207,        'Recordatorios',        4,        'Admin',        '2012-07-06 15:34:39',        1,        22,        '1'),
(2208,        'Ventas',        4,        'Admin',        '2012-07-06 15:34:39',        1,        22,        '1'),
(2209,        'Publicidad',        4,        'Admin',        '2012-07-06 15:34:39',        1,        22,        '1'),
(2210,        'Análisis',        4,        'Admin',        '2012-07-06 15:34:39',        1,        22,        '1'),
(2211,        'Subasta / Ventas',        4,        'Admin',        '2012-07-06 15:34:39',        1,        22,        '1'),
(2212,        'Todos',        4,        'Admin',        '2012-07-06 15:34:39',        1,        22,        '1'),
(2301,        'Preescolar',        4,        'Admin',        '2012-07-06 15:34:39',        1,        23,        '1'),
(2302,        'Primaria',        4,        'Admin',        '2012-07-06 15:34:39',        1,        23,        '1'),
(2303,        'Universitaria',        4,        'Admin',        '2012-07-06 15:34:39',        1,        23,        '1'),
(2304,        'Secundaria',        4,        'Admin',        '2012-07-06 15:34:39',        1,        23,        '1'),
(2305,        'Media',        4,        'Admin',        '2012-07-06 15:34:39',        1,        23,        '1'),
(2306,        'Maestros',        4,        'Admin',        '2012-07-06 15:34:39',        1,        23,        '1'),
(2307,        'Tarjeta didácticas / Ejercicios',        4,        'Admin',        '2012-07-06 15:34:39',        1,        23,        '1'),
(2308,        'Lecciones / Actividades',        4,        'Admin',        '2012-07-06 15:34:39',        1,        23,        '1'),
(2309,        'Idiomas extranjeros',        4,        'Admin',        '2012-07-06 15:34:39',        1,        23,        '1'),
(2310,        'Redacción / Gramática',        4,        'Admin',        '2012-07-06 15:34:39',        1,        23,        '1'),
(2311,        'Vocabulario',        4,        'Admin',        '2012-07-06 15:34:39',        1,        23,        '1'),
(2312,        'Todos',        4,        'Admin',        '2012-07-06 15:34:39',        1,        23,        '1'),
(2401,        'Adultos',        4,        'Admin',        '2012-07-06 15:34:39',        1,        24,        '1'),
(2402,        'Familiar',        4,        'Admin',        '2012-07-06 15:34:39',        1,        24,        '1'),
(2403,        'Humorismo',        4,        'Admin',        '2012-07-06 15:34:39',        1,        24,        '1'),
(2404,        'Bromas',        4,        'Admin',        '2012-07-06 15:34:39',        1,        24,        '1'),
(2405,        'Horror',        4,        'Admin',        '2012-07-06 15:34:39',        1,        24,        '1'),
(2406,        'Animales',        4,        'Admin',        '2012-07-06 15:34:39',        1,        24,        '1'),
(2407,        'Celebridades',        4,        'Admin',        '2012-07-06 15:34:39',        1,        24,        '1'),
(2408,        'Películas / TV',        4,        'Admin',        '2012-07-06 15:34:39',        1,        24,        '1'),
(2409,        'Modas',        4,        'Admin',        '2012-07-06 15:34:39',        1,        24,        '1'),
(2410,        'Todos',        4,        'Admin',        '2012-07-06 15:34:39',        1,        24,        '1'),
(2501,        'Banca',        4,        'Admin',        '2012-07-06 15:34:39',        1,        25,        '1'),
(2502,        'Negocios',        4,        'Admin',        '2012-07-06 15:34:39',        1,        25,        '1'),
(2503,        'Personal',        4,        'Admin',        '2012-07-06 15:34:39',        1,        25,        '1'),
(2504,        'Acciones',        4,        'Admin',        '2012-07-06 15:34:39',        1,        25,        '1'),
(2505,        'Presupuesto',        4,        'Admin',        '2012-07-06 15:34:39',        1,        25,        '1'),
(2506,        'Recibos',        4,        'Admin',        '2012-07-06 15:34:39',        1,        25,        '1'),
(2507,        'Jubilación',        4,        'Admin',        '2012-07-06 15:34:39',        1,        25,        '1'),
(2508,        'Cupones',        4,        'Admin',        '2012-07-06 15:34:39',        1,        25,        '1'),
(2509,        'Deuda / Pagos',        4,        'Admin',        '2012-07-06 15:34:39',        1,        25,        '1'),
(2510,        'Todos',        4,        'Admin',        '2012-07-06 15:34:39',        1,        25,        '1'),
(2601,        'Vegetarianismo / Veganismo',        4,        'Admin',        '2012-07-06 15:34:39',        1,        26,        '1'),
(2602,        'Recetas',        4,        'Admin',        '2012-07-06 15:34:39',        1,        26,        '1'),
(2603,        'Restaurantes',        4,        'Admin',        '2012-07-06 15:34:39',        1,        26,        '1'),
(2604,        'Comida rápida',        4,        'Admin',        '2012-07-06 15:34:39',        1,        26,        '1'),
(2605,        'Nutrición',        4,        'Admin',        '2012-07-06 15:34:39',        1,        26,        '1'),
(2606,        'Todos',        4,        'Admin',        '2012-07-06 15:34:39',        1,        26,        '1'),
(2701,        'Infantiles',        4,        'Admin',        '2012-07-06 15:34:39',        1,        27,        '1'),
(2702,        'Videojuegos',        4,        'Admin',        '2012-07-06 15:34:39',        1,        27,        '1'),
(2703,        'Clásicos',        4,        'Admin',        '2012-07-06 15:34:39',        1,        27,        '1'),
(2704,        'Baraja',        4,        'Admin',        '2012-07-06 15:34:39',        1,        27,        '1'),
(2705,        'Preguntas difíciles',        4,        'Admin',        '2012-07-06 15:34:39',        1,        27,        '1'),
(2706,        'Rompecabezas / Juegos de palabras',        4,        'Admin',        '2012-07-06 15:34:39',        1,        27,        '1'),
(2707,        'Trivialidades',        4,        'Admin',        '2012-07-06 15:34:39',        1,        27,        '1'),
(2708,        'Estrategia',        4,        'Admin',        '2012-07-06 15:34:39',        1,        27,        '1'),
(2709,        'Deportes',        4,        'Admin',        '2012-07-06 15:34:39',        1,        27,        '1'),
(2710,        'Carreras',        4,        'Admin',        '2012-07-06 15:34:39',        1,        27,        '1'),
(2711,        'Acción / Aventura',        4,        'Admin',        '2012-07-06 15:34:39',        1,        27,        '1'),
(2712,        'Violencia',        4,        'Admin',        '2012-07-06 15:34:39',        1,        27,        '1'),
(2713,        'Todos',        4,        'Admin',        '2012-07-06 15:34:39',        1,        27,        '1'),
(2801,        'Nutrición',        4,        'Admin',        '2012-07-06 15:34:39',        1,        28,        '1'),
(2802,        'Ejercicio / Entrenamiento',        4,        'Admin',        '2012-07-06 15:34:39',        1,        28,        '1'),
(2803,        'Adelgazamiento',        4,        'Admin',        '2012-07-06 15:34:39',        1,        28,        '1'),
(2804,        'Gimnasio / Club deportivo',        4,        'Admin',        '2012-07-06 15:34:39',        1,        28,        '1'),
(2805,        'Estilo de vida',        4,        'Admin',        '2012-07-06 15:34:39',        1,        28,        '1'),
(2806,        'Monitorización',        4,        'Admin',        '2012-07-06 15:34:39',        1,        28,        '1'),
(2807,        'Consulta',        4,        'Admin',        '2012-07-06 15:34:39',        1,        28,        '1'),
(2808,        'Eventos',        4,        'Admin',        '2012-07-06 15:34:39',        1,        28,        '1'),
(2809,        'Hombres',        4,        'Admin',        '2012-07-06 15:34:39',        1,        28,        '1'),
(2810,        'Mujeres',        4,        'Admin',        '2012-07-06 15:34:39',        1,        28,        '1'),
(2811,        'Niños',        4,        'Admin',        '2012-07-06 15:34:39',        1,        28,        '1'),
(2812,        'Ancianos',        4,        'Admin',        '2012-07-06 15:34:39',        1,        28,        '1'),
(2813,        'Todos',        4,        'Admin',        '2012-07-06 15:34:39',        1,        28,        '1'),
(2901,        'Citas',        4,        'Admin',        '2012-07-06 15:34:39',        1,        29,        '1'),
(2902,        'Alimentos y bebidas',        4,        'Admin',        '2012-07-06 15:34:39',        1,        29,        '1'),
(2903,        'Eventos',        4,        'Admin',        '2012-07-06 15:34:39',        1,        29,        '1'),
(2904,        'Diarios',        4,        'Admin',        '2012-07-06 15:34:39',        1,        29,        '1'),
(2905,        'Socialización',        4,        'Admin',        '2012-07-06 15:34:39',        1,        29,        '1'),
(2906,        'Pasatiempos',        4,        'Admin',        '2012-07-06 15:34:39',        1,        29,        '1'),
(2907,        'Humorismo',        4,        'Admin',        '2012-07-06 15:34:39',        1,        29,        '1'),
(2908,        'Consejos / Técnicas',        4,        'Admin',        '2012-07-06 15:34:39',        1,        29,        '1'),
(2909,        'Todos',        4,        'Admin',        '2012-07-06 15:34:39',        1,        29,        '1'),
(3001,        'Radio / Difusiones',        4,        'Admin',        '2012-07-06 15:34:39',        1,        30,        '1'),
(3002,        'Instrumentos',        4,        'Admin',        '2012-07-06 15:34:39',        1,        30,        '1'),
(3003,        'Lecciones',        4,        'Admin',        '2012-07-06 15:34:39',        1,        30,        '1'),
(3004,        'Composición / Corrección',        4,        'Admin',        '2012-07-06 15:34:39',        1,        30,        '1'),
(3005,        'Artistas',        4,        'Admin',        '2012-07-06 15:34:39',        1,        30,        '1'),
(3006,        'Artistas autónomos',        4,        'Admin',        '2012-07-06 15:34:39',        1,        30,        '1'),
(3007,        'Eventos',        4,        'Admin',        '2012-07-06 15:34:39',        1,        30,        '1'),
(3008,        'Descubrimiento',        4,        'Admin',        '2012-07-06 15:34:39',        1,        30,        '1'),
(3009,        'Todos',        4,        'Admin',        '2012-07-06 15:34:39',        1,        30,        '1'),
(3101,        'Conducción',        4,        'Admin',        '2012-07-06 15:34:39',        1,        31,        '1'),
(3102,        'Tráfico',        4,        'Admin',        '2012-07-06 15:34:39',        1,        31,        '1'),
(3103,        'Horarios',        4,        'Admin',        '2012-07-06 15:34:39',        1,        31,        '1'),
(3104,        'Mapas',        4,        'Admin',        '2012-07-06 15:34:39',        1,        31,        '1'),
(3105,        'Transporte público',        4,        'Admin',        '2012-07-06 15:34:39',        1,        31,        '1'),
(3106,        'Herramientas',        4,        'Admin',        '2012-07-06 15:34:39',        1,        31,        '1'),
(3107,        'Todos',        4,        'Admin',        '2012-07-06 15:34:39',        1,        31,        '1'),
(3201,        'De actualidad / De última hora',        4,        'Admin',        '2012-07-06 15:34:39',        1,        32,        '1'),
(3202,        'Locales',        4,        'Admin',        '2012-07-06 15:34:39',        1,        32,        '1'),
(3203,        'Nacionales',        4,        'Admin',        '2012-07-06 15:34:39',        1,        32,        '1'),
(3204,        'Mundiales',        4,        'Admin',        '2012-07-06 15:34:39',        1,        32,        '1'),
(3205,        'Entretenimiento',        4,        'Admin',        '2012-07-06 15:34:39',        1,        32,        '1'),
(3206,        'Negocios / Acciones',        4,        'Admin',        '2012-07-06 15:34:39',        1,        32,        '1'),
(3207,        'Deportes',        4,        'Admin',        '2012-07-06 15:34:39',        1,        32,        '1'),
(3208,        'Interés especial',        4,        'Admin',        '2012-07-06 15:34:39',        1,        32,        '1'),
(3209,        'Todos',        4,        'Admin',        '2012-07-06 15:34:39',        1,        32,        '1'),
(3301,        'Profesional',        4,        'Admin',        '2012-07-06 15:34:39',        1,        33,        '1'),
(3302,        'Lecciones',        4,        'Admin',        '2012-07-06 15:34:39',        1,        33,        '1'),
(3303,        'Herramientas',        4,        'Admin',        '2012-07-06 15:34:39',        1,        33,        '1'),
(3304,        'Galerías',        4,        'Admin',        '2012-07-06 15:34:39',        1,        33,        '1'),
(3305,        'Efectos / Retoque',        4,        'Admin',        '2012-07-06 15:34:39',        1,        33,        '1'),
(3306,        'Todos',        4,        'Admin',        '2012-07-06 15:34:39',        1,        33,        '1'),
(3401,        'Herramientas',        4,        'Admin',        '2012-07-06 15:34:39',        1,        34,        '1'),
(3402,        'Cálculos',        4,        'Admin',        '2012-07-06 15:34:39',        1,        34,        '1'),
(3403,        'Listas',        4,        'Admin',        '2012-07-06 15:34:39',        1,        34,        '1'),
(3404,        'Instrucciones',        4,        'Admin',        '2012-07-06 15:34:39',        1,        34,        '1'),
(3405,        'Recordatorio',        4,        'Admin',        '2012-07-06 15:34:39',        1,        34,        '1'),
(3406,        'Artilugios',        4,        'Admin',        '2012-07-06 15:34:39',        1,        34,        '1'),
(3407,        'Emergencia',        4,        'Admin',        '2012-07-06 15:34:39',        1,        34,        '1'),
(3408,        'Todos',        4,        'Admin',        '2012-07-06 15:34:39',        1,        34,        '1'),
(3501,        'Traducción',        4,        'Admin',        '2012-07-06 15:34:39',        1,        35,        '1'),
(3502,        'Diccionario / Tesoro',        4,        'Admin',        '2012-07-06 15:34:39',        1,        35,        '1'),
(3503,        'Médica',        4,        'Admin',        '2012-07-06 15:34:39',        1,        35,        '1'),
(3504,        'Derecho',        4,        'Admin',        '2012-07-06 15:34:39',        1,        35,        '1'),
(3505,        'Trivialidades / Hechos',        4,        'Admin',        '2012-07-06 15:34:39',        1,        35,        '1'),
(3506,        'Citas',        4,        'Admin',        '2012-07-06 15:34:39',        1,        35,        '1'),
(3507,        'Entretenimiento',        4,        'Admin',        '2012-07-06 15:34:39',        1,        35,        '1'),
(3508,        'Pasatiempos',        4,        'Admin',        '2012-07-06 15:34:39',        1,        35,        '1'),
(3509,        'Todos',        4,        'Admin',        '2012-07-06 15:34:39',        1,        35,        '1'),
(3601,        'Chat',        4,        'Admin',        '2012-07-06 15:34:39',        1,        36,        '1'),
(3602,        'Twitter',        4,        'Admin',        '2012-07-06 15:34:39',        1,        36,        '1'),
(3603,        'Noviazgo',        4,        'Admin',        '2012-07-06 15:34:39',        1,        36,        '1'),
(3604,        'Interés especial',        4,        'Admin',        '2012-07-06 15:34:39',        1,        36,        '1'),
(3605,        'Jóvenes',        4,        'Admin',        '2012-07-06 15:34:39',        1,        36,        '1'),
(3606,        'General',        4,        'Admin',        '2012-07-06 15:34:39',        1,        36,        '1'),
(3607,        'Todos',        4,        'Admin',        '2012-07-06 15:34:39',        1,        36,        '1'),
(3701,        'Ligas fantásticas',        4,        'Admin',        '2012-07-06 15:34:39',        1,        37,        '1'),
(3702,        'Noticias',        4,        'Admin',        '2012-07-06 15:34:39',        1,        37,        '1'),
(3703,        'Eventos',        4,        'Admin',        '2012-07-06 15:34:39',        1,        37,        '1'),
(3704,        'Resultados / Estadísticas',        4,        'Admin',        '2012-07-06 15:34:39',        1,        37,        '1'),
(3705,        'Juegos',        4,        'Admin',        '2012-07-06 15:34:39',        1,        37,        '1'),
(3706,        'Ligas',        4,        'Admin',        '2012-07-06 15:34:39',        1,        37,        '1'),
(3707,        'Difusión',        4,        'Admin',        '2012-07-06 15:34:39',        1,        37,        '1'),
(3708,        'Tipo de deporte',        4,        'Admin',        '2012-07-06 15:34:39',        1,        37,        '1'),
(3709,        'Todos',        4,        'Admin',        '2012-07-06 15:34:39',        1,        37,        '1'),
(3801,        'Moneda',        4,        'Admin',        '2012-07-06 15:34:39',        1,        38,        '1'),
(3802,        'Frases / Traductor',        4,        'Admin',        '2012-07-06 15:34:39',        1,        38,        '1'),
(3803,        'Guías',        4,        'Admin',        '2012-07-06 15:34:39',        1,        38,        '1'),
(3804,        'Sitios de interés locales',        4,        'Admin',        '2012-07-06 15:34:39',        1,        38,        '1'),
(3805,        'Transporte',        4,        'Admin',        '2012-07-06 15:34:39',        1,        38,        '1'),
(3806,        'Mapas',        4,        'Admin',        '2012-07-06 15:34:39',        1,        38,        '1'),
(3807,        'Comida y alojamiento',        4,        'Admin',        '2012-07-06 15:34:39',        1,        38,        '1'),
(3808,        'Todos',        4,        'Admin',        '2012-07-06 15:34:39',        1,        38,        '1'),
(3901,        'Tormentas / Alertas',        4,        'Admin',        '2012-07-06 15:34:39',        1,        39,        '1'),
(3902,        'Pronóstico',        4,        'Admin',        '2012-07-06 15:34:39',        1,        39,        '1'),
(3903,        'Calidad del aire',        4,        'Admin',        '2012-07-06 15:34:39',        1,        39,        '1'),
(3904,        'Olas / Nieve',        4,        'Admin',        '2012-07-06 15:34:39',        1,        39,        '1'),
(3905,        'Por lugar',        4,        'Admin',        '2012-07-06 15:34:39',        1,        39,        '1'),
(3906,        'Todos',        4,        'Admin',        '2012-07-06 15:34:39',        1,        39,        '1'),
(4001,        'Économie',        1,        'Admin',        '2012-07-06 15:35:07',        1,        40,        '1'),
(4002,        'Classiques',        1,        'Admin',        '2012-07-06 15:35:07',        1,        40,        '1'),
(4003,        'Fantastique',        1,        'Admin',        '2012-07-06 15:35:07',        1,        40,        '1'),
(4004,        'Humour',        1,        'Admin',        '2012-07-06 15:35:07',        1,        40,        '1'),
(4005,        'Œuvres référentes',        1,        'Admin',        '2012-07-06 15:35:07',        1,        40,        '1'),
(4006,        'Romantique',        1,        'Admin',        '2012-07-06 15:35:07',        1,        40,        '1'),
(4007,        'Science-fiction',        1,        'Admin',        '2012-07-06 15:35:07',        1,        40,        '1'),
(4008,        'Évolution personnelle',        1,        'Admin',        '2012-07-06 15:35:07',        1,        40,        '1'),
(4009,        'Technique',        1,        'Admin',        '2012-07-06 15:35:07',        1,        40,        '1'),
(4010,        'Voyage',        1,        'Admin',        '2012-07-06 15:35:07',        1,        40,        '1'),
(4011,        'Romans',        1,        'Admin',        '2012-07-06 15:35:07',        1,        40,        '1'),
(4012,        'Œuvres non romanesques',        1,        'Admin',        '2012-07-06 15:35:07',        1,        40,        '1'),
(4013,        'Enfants',        1,        'Admin',        '2012-07-06 15:35:07',        1,        40,        '1'),
(4014,        'Adolescents',        1,        'Admin',        '2012-07-06 15:35:07',        1,        40,        '1'),
(4015,        'Tout',        1,        'Admin',        '2012-07-06 15:35:07',        1,        40,        '1'),
(4101,        'Outils',        1,        'Admin',        '2012-07-06 15:35:07',        1,        41,        '1'),
(4102,        'Emploi / Formation',        1,        'Admin',        '2012-07-06 15:35:07',        1,        41,        '1'),
(4103,        'Droit',        1,        'Admin',        '2012-07-06 15:35:07',        1,        41,        '1'),
(4104,        'Gestion',        1,        'Admin',        '2012-07-06 15:35:07',        1,        41,        '1'),
(4105,        'À but non lucratif',        1,        'Admin',        '2012-07-06 15:35:07',        1,        41,        '1'),
(4106,        'Immobilier',        1,        'Admin',        '2012-07-06 15:35:07',        1,        41,        '1'),
(4107,        'Rappel / À faire',        1,        'Admin',        '2012-07-06 15:35:07',        1,        41,        '1'),
(4108,        'Ventes',        1,        'Admin',        '2012-07-06 15:35:07',        1,        41,        '1'),
(4109,        'Publicité',        1,        'Admin',        '2012-07-06 15:35:07',        1,        41,        '1'),
(4110,        'Analyse',        1,        'Admin',        '2012-07-06 15:35:07',        1,        41,        '1'),
(4111,        'Enchères / Ventes',        1,        'Admin',        '2012-07-06 15:35:07',        1,        41,        '1'),
(4112,        'Tout',        1,        'Admin',        '2012-07-06 15:35:07',        1,        41,        '1'),
(4201,        'Préscolaire',        1,        'Admin',        '2012-07-06 15:35:07',        1,        42,        '1'),
(4202,        'Élémentaire',        1,        'Admin',        '2012-07-06 15:35:07',        1,        42,        '1'),
(4203,        'Collège',        1,        'Admin',        '2012-07-06 15:35:07',        1,        42,        '1'),
(4204,        'Lycée',        1,        'Admin',        '2012-07-06 15:35:07',        1,        42,        '1'),
(4205,        'Secondaire',        1,        'Admin',        '2012-07-06 15:35:07',        1,        42,        '1'),
(4206,        'Enseignants',        1,        'Admin',        '2012-07-06 15:35:07',        1,        42,        '1'),
(4207,        'Fiches / Exercices',        1,        'Admin',        '2012-07-06 15:35:07',        1,        42,        '1'),
(4208,        'Leçons / Activités',        1,        'Admin',        '2012-07-06 15:35:07',        1,        42,        '1'),
(4209,        'Langues étrangères',        1,        'Admin',        '2012-07-06 15:35:07',        1,        42,        '1'),
(4210,        'Écriture / Grammaire',        1,        'Admin',        '2012-07-06 15:35:07',        1,        42,        '1'),
(4211,        'Vocabulaire',        1,        'Admin',        '2012-07-06 15:35:07',        1,        42,        '1'),
(4212,        'Tout',        1,        'Admin',        '2012-07-06 15:35:07',        1,        42,        '1'),
(4301,        'Adulte',        1,        'Admin',        '2012-07-06 15:35:07',        1,        43,        '1'),
(4302,        'Famille',        1,        'Admin',        '2012-07-06 15:35:07',        1,        43,        '1'),
(4303,        'Humour',        1,        'Admin',        '2012-07-06 15:35:07',        1,        43,        '1'),
(4304,        'Farces',        1,        'Admin',        '2012-07-06 15:35:07',        1,        43,        '1'),
(4305,        'Horreur',        1,        'Admin',        '2012-07-06 15:35:07',        1,        43,        '1'),
(4306,        'Animaux',        1,        'Admin',        '2012-07-06 15:35:07',        1,        43,        '1'),
(4307,        'Célébrités',        1,        'Admin',        '2012-07-06 15:35:07',        1,        43,        '1'),
(4308,        'Cinéma / TV',        1,        'Admin',        '2012-07-06 15:35:07',        1,        43,        '1'),
(4309,        'Mode',        1,        'Admin',        '2012-07-06 15:35:07',        1,        43,        '1'),
(4310,        'Tout',        1,        'Admin',        '2012-07-06 15:35:07',        1,        43,        '1'),
(4401,        'Banque',        1,        'Admin',        '2012-07-06 15:35:07',        1,        44,        '1'),
(4402,        'Affaires',        1,        'Admin',        '2012-07-06 15:35:07',        1,        44,        '1'),
(4403,        'Personnel',        1,        'Admin',        '2012-07-06 15:35:07',        1,        44,        '1'),
(4404,        'Portefeuilles',        1,        'Admin',        '2012-07-06 15:35:07',        1,        44,        '1'),
(4405,        'Budget',        1,        'Admin',        '2012-07-06 15:35:07',        1,        44,        '1'),
(4406,        'Retraite',        1,        'Admin',        '2012-07-06 15:35:07',        1,        44,        '1'),
(4407,        'Comptabilité',        1,        'Admin',        '2012-07-06 15:35:07',        1,        44,        '1'),
(4408,        'Coupons',        1,        'Admin',        '2012-07-06 15:35:07',        1,        44,        '1'),
(4409,        'Dettes / Paiements',        1,        'Admin',        '2012-07-06 15:35:07',        1,        44,        '1'),
(4410,        'Tout',        1,        'Admin',        '2012-07-06 15:35:07',        1,        44,        '1'),
(4501,        'Végétarisme / Végétalisme',        1,        'Admin',        '2012-07-06 15:35:07',        1,        45,        '1'),
(4502,        'Recettes',        1,        'Admin',        '2012-07-06 15:35:07',        1,        45,        '1'),
(4503,        'Restaurants',        1,        'Admin',        '2012-07-06 15:35:07',        1,        45,        '1'),
(4504,        'Restauration rapide',        1,        'Admin',        '2012-07-06 15:35:07',        1,        45,        '1'),
(4505,        'Diététique',        1,        'Admin',        '2012-07-06 15:35:07',        1,        45,        '1'),
(4506,        'Tout',        1,        'Admin',        '2012-07-06 15:35:07',        1,        45,        '1'),
(4601,        'Enfants',        1,        'Admin',        '2012-07-06 15:35:07',        1,        46,        '1'),
(4602,        'Arcade',        1,        'Admin',        '2012-07-06 15:35:07',        1,        46,        '1'),
(4603,        'Classiques',        1,        'Admin',        '2012-07-06 15:35:07',        1,        46,        '1'),
(4604,        'Cartes',        1,        'Admin',        '2012-07-06 15:35:07',        1,        46,        '1'),
(4605,        'Casse-tête',        1,        'Admin',        '2012-07-06 15:35:07',        1,        46,        '1'),
(4606,        'Puzzles / Lettres et mots',        1,        'Admin',        '2012-07-06 15:35:07',        1,        46,        '1'),
(4607,        'Quizz',        1,        'Admin',        '2012-07-06 15:35:07',        1,        46,        '1'),
(4608,        'Stratégie',        1,        'Admin',        '2012-07-06 15:35:07',        1,        46,        '1'),
(4609,        'Sports',        1,        'Admin',        '2012-07-06 15:35:07',        1,        46,        '1'),
(4610,        'Course',        1,        'Admin',        '2012-07-06 15:35:07',        1,        46,        '1'),
(4611,        'Action / Aventure',        1,        'Admin',        '2012-07-06 15:35:07',        1,        46,        '1'),
(4612,        'Violence',        1,        'Admin',        '2012-07-06 15:35:07',        1,        46,        '1'),
(4613,        'Tout',        1,        'Admin',        '2012-07-06 15:35:07',        1,        46,        '1'),
(4701,        'Diététique',        1,        'Admin',        '2012-07-06 15:35:07',        1,        47,        '1'),
(4702,        'Exercice / Entraînement',        1,        'Admin',        '2012-07-06 15:35:07',        1,        47,        '1'),
(4703,        'Amaigrissement',        1,        'Admin',        '2012-07-06 15:35:07',        1,        47,        '1'),
(4704,        'Club de gym / santé',        1,        'Admin',        '2012-07-06 15:35:07',        1,        47,        '1'),
(4705,        'Style de vie',        1,        'Admin',        '2012-07-06 15:35:07',        1,        47,        '1'),
(4706,        'Suivi / Surveillance',        1,        'Admin',        '2012-07-06 15:35:07',        1,        47,        '1'),
(4707,        'Connaissance',        1,        'Admin',        '2012-07-06 15:35:07',        1,        47,        '1'),
(4708,        'Événements',        1,        'Admin',        '2012-07-06 15:35:07',        1,        47,        '1'),
(4709,        'Hommes',        1,        'Admin',        '2012-07-06 15:35:07',        1,        47,        '1'),
(4710,        'Femmes',        1,        'Admin',        '2012-07-06 15:35:07',        1,        47,        '1'),
(4711,        'Enfants',        1,        'Admin',        '2012-07-06 15:35:07',        1,        47,        '1'),
(4712,        'Seniors',        1,        'Admin',        '2012-07-06 15:35:07',        1,        47,        '1'),
(4713,        'Tout',        1,        'Admin',        '2012-07-06 15:35:07',        1,        47,        '1'),
(4801,        'Rencontres',        1,        'Admin',        '2012-07-06 15:35:07',        1,        48,        '1'),
(4802,        'Cuisine et vins',        1,        'Admin',        '2012-07-06 15:35:07',        1,        48,        '1'),
(4803,        'Événements',        1,        'Admin',        '2012-07-06 15:35:07',        1,        48,        '1'),
(4804,        'Journal',        1,        'Admin',        '2012-07-06 15:35:07',        1,        48,        '1'),
(4805,        'Société',        1,        'Admin',        '2012-07-06 15:35:07',        1,        48,        '1'),
(4806,        'Loisirs',        1,        'Admin',        '2012-07-06 15:35:07',        1,        48,        '1'),
(4807,        'Humour',        1,        'Admin',        '2012-07-06 15:35:07',        1,        48,        '1'),
(4808,        'Conseils / Techniques',        1,        'Admin',        '2012-07-06 15:35:07',        1,        48,        '1'),
(4809,        'Tout',        1,        'Admin',        '2012-07-06 15:35:07',        1,        48,        '1'),
(4901,        'Radio / Diffusion',        1,        'Admin',        '2012-07-06 15:35:07',        1,        49,        '1'),
(4902,        'Instruments',        1,        'Admin',        '2012-07-06 15:35:07',        1,        49,        '1'),
(4903,        'Leçons',        1,        'Admin',        '2012-07-06 15:35:07',        1,        49,        '1'),
(4904,        'Composition / Édition',        1,        'Admin',        '2012-07-06 15:35:07',        1,        49,        '1'),
(4905,        'Artistes',        1,        'Admin',        '2012-07-06 15:35:07',        1,        49,        '1'),
(4906,        'Indie',        1,        'Admin',        '2012-07-06 15:35:07',        1,        49,        '1'),
(4907,        'Événements',        1,        'Admin',        '2012-07-06 15:35:07',        1,        49,        '1'),
(4908,        'Découverte',        1,        'Admin',        '2012-07-06 15:35:07',        1,        49,        '1'),
(4909,        'Tout',        1,        'Admin',        '2012-07-06 15:35:07',        1,        49,        '1'),
(5001,        'Conduite',        1,        'Admin',        '2012-07-06 15:35:07',        1,        50,        '1'),
(5002,        'Trafic',        1,        'Admin',        '2012-07-06 15:35:07',        1,        50,        '1'),
(5003,        'Horaires',        1,        'Admin',        '2012-07-06 15:35:07',        1,        50,        '1'),
(5004,        'Cartes',        1,        'Admin',        '2012-07-06 15:35:07',        1,        50,        '1'),
(5005,        'Transports publics',        1,        'Admin',        '2012-07-06 15:35:07',        1,        50,        '1'),
(5006,        'Outils',        1,        'Admin',        '2012-07-06 15:35:07',        1,        50,        '1'),
(5007,        'Tout',        1,        'Admin',        '2012-07-06 15:35:07',        1,        50,        '1'),
(5101,        'À la une',        1,        'Admin',        '2012-07-06 15:35:07',        1,        51,        '1'),
(5102,        'Local',        1,        'Admin',        '2012-07-06 15:35:07',        1,        51,        '1'),
(5103,        'National',        1,        'Admin',        '2012-07-06 15:35:07',        1,        51,        '1'),
(5104,        'Monde',        1,        'Admin',        '2012-07-06 15:35:07',        1,        51,        '1'),
(5105,        'Divertissement',        1,        'Admin',        '2012-07-06 15:35:07',        1,        51,        '1'),
(5106,        'Économie / Bourse',        1,        'Admin',        '2012-07-06 15:35:07',        1,        51,        '1'),
(5107,        'Sports',        1,        'Admin',        '2012-07-06 15:35:07',        1,        51,        '1'),
(5108,        'Presse spécialisée',        1,        'Admin',        '2012-07-06 15:35:07',        1,        51,        '1'),
(5109,        'Tout',        1,        'Admin',        '2012-07-06 15:35:07',        1,        51,        '1'),
(5201,        'Le coin du professionnel',        1,        'Admin',        '2012-07-06 15:35:07',        1,        52,        '1'),
(5202,        'Leçons',        1,        'Admin',        '2012-07-06 15:35:07',        1,        52,        '1'),
(5203,        'Outils',        1,        'Admin',        '2012-07-06 15:35:07',        1,        52,        '1'),
(5204,        'Galeries',        1,        'Admin',        '2012-07-06 15:35:07',        1,        52,        '1'),
(5205,        'Effets / Retouche',        1,        'Admin',        '2012-07-06 15:35:07',        1,        52,        '1'),
(5206,        'Tout',        1,        'Admin',        '2012-07-06 15:35:07',        1,        52,        '1'),
(5301,        'Outils',        1,        'Admin',        '2012-07-06 15:35:07',        1,        53,        '1'),
(5302,        'Calcul',        1,        'Admin',        '2012-07-06 15:35:07',        1,        53,        '1'),
(5303,        'Listes',        1,        'Admin',        '2012-07-06 15:35:07',        1,        53,        '1'),
(5304,        'Guides pratiques',        1,        'Admin',        '2012-07-06 15:35:07',        1,        53,        '1'),
(5305,        'Aide-mémoire',        1,        'Admin',        '2012-07-06 15:35:07',        1,        53,        '1'),
(5306,        'Gadgets',        1,        'Admin',        '2012-07-06 15:35:07',        1,        53,        '1'),
(5307,        'Urgence',        1,        'Admin',        '2012-07-06 15:35:07',        1,        53,        '1'),
(5308,        'Tout',        1,        'Admin',        '2012-07-06 15:35:07',        1,        53,        '1'),
(5401,        'Traduction',        1,        'Admin',        '2012-07-06 15:35:07',        1,        54,        '1'),
(5402,        'Dictionnaire / Synonymes',        1,        'Admin',        '2012-07-06 15:35:07',        1,        54,        '1'),
(5403,        'Médecine',        1,        'Admin',        '2012-07-06 15:35:07',        1,        54,        '1'),
(5404,        'Droit',        1,        'Admin',        '2012-07-06 15:35:07',        1,        54,        '1'),
(5405,        'Connaissances / Faits divers',        1,        'Admin',        '2012-07-06 15:35:07',        1,        54,        '1'),
(5406,        'Citations',        1,        'Admin',        '2012-07-06 15:35:07',        1,        54,        '1'),
(5407,        'Divertissements',        1,        'Admin',        '2012-07-06 15:35:07',        1,        54,        '1'),
(5408,        'Loisirs',        1,        'Admin',        '2012-07-06 15:35:07',        1,        54,        '1'),
(5409,        'Tout',        1,        'Admin',        '2012-07-06 15:35:07',        1,        54,        '1'),
(5501,        'Chat',        1,        'Admin',        '2012-07-06 15:35:07',        1,        55,        '1'),
(5502,        'Twitter',        1,        'Admin',        '2012-07-06 15:35:07',        1,        55,        '1'),
(5503,        'Rencontres',        1,        'Admin',        '2012-07-06 15:35:07',        1,        55,        '1'),
(5504,        'Communautés',        1,        'Admin',        '2012-07-06 15:35:07',        1,        55,        '1'),
(5505,        'Adolescents',        1,        'Admin',        '2012-07-06 15:35:07',        1,        55,        '1'),
(5506,        'Général',        1,        'Admin',        '2012-07-06 15:35:07',        1,        55,        '1'),
(5507,        'Tout',        1,        'Admin',        '2012-07-06 15:35:07',        1,        55,        '1'),
(5601,        'Fantasy Leagues',        1,        'Admin',        '2012-07-06 15:35:07',        1,        56,        '1'),
(5602,        'Nouvelles',        1,        'Admin',        '2012-07-06 15:35:07',        1,        56,        '1'),
(5603,        'Événements',        1,        'Admin',        '2012-07-06 15:35:07',        1,        56,        '1'),
(5604,        'Résultats / Statistiques',        1,        'Admin',        '2012-07-06 15:35:07',        1,        56,        '1'),
(5605,        'Matchs',        1,        'Admin',        '2012-07-06 15:35:07',        1,        56,        '1'),
(5606,        'Ligues',        1,        'Admin',        '2012-07-06 15:35:07',        1,        56,        '1'),
(5607,        'Retransmission',        1,        'Admin',        '2012-07-06 15:35:07',        1,        56,        '1'),
(5608,        'Type de sport',        1,        'Admin',        '2012-07-06 15:35:07',        1,        56,        '1'),
(5609,        'Tout',        1,        'Admin',        '2012-07-06 15:35:07',        1,        56,        '1'),
(5701,        'Devises',        1,        'Admin',        '2012-07-06 15:35:07',        1,        57,        '1'),
(5702,        'Lexiques / Traducteurs',        1,        'Admin',        '2012-07-06 15:35:07',        1,        57,        '1'),
(5703,        'Guides',        1,        'Admin',        '2012-07-06 15:35:07',        1,        57,        '1'),
(5704,        'Attractions locales',        1,        'Admin',        '2012-07-06 15:35:07',        1,        57,        '1'),
(5705,        'Transport',        1,        'Admin',        '2012-07-06 15:35:07',        1,        57,        '1'),
(5706,        'Cartes',        1,        'Admin',        '2012-07-06 15:35:07',        1,        57,        '1'),
(5707,        'Cuisine et logement',        1,        'Admin',        '2012-07-06 15:35:07',        1,        57,        '1'),
(5708,        'Tout',        1,        'Admin',        '2012-07-06 15:35:07',        1,        57,        '1'),
(5801,        'Orages / Alertes',        1,        'Admin',        '2012-07-06 15:35:07',        1,        58,        '1'),
(5802,        'Prévisions météo',        1,        'Admin',        '2012-07-06 15:35:07',        1,        58,        '1'),
(5803,        'Qualité de l\'air',        1,        'Admin',        '2012-07-06 15:35:07',        1,        58,        '1'),
(5804,        'Météo des plages / Météo des neiges',        1,        'Admin',        '2012-07-06 15:35:07',        1,        58,        '1'),
(5805,        'Par lieu',        1,        'Admin',        '2012-07-06 15:35:07',        1,        58,        '1'),
(5806,        'Tout',        1,        'Admin',        '2012-07-06 15:35:07',        1,        58,        '1'),
(5901,        'Business',        2,        'Admin',        '2012-07-06 15:35:07',        1,        59,        '1'),
(5902,        'Klassiker',        2,        'Admin',        '2012-07-06 15:35:07',        1,        59,        '1'),
(5903,        'Fantasy',        2,        'Admin',        '2012-07-06 15:35:07',        1,        59,        '1'),
(5904,        'Humor',        2,        'Admin',        '2012-07-06 15:35:07',        1,        59,        '1'),
(5905,        'Referenz',        2,        'Admin',        '2012-07-06 15:35:07',        1,        59,        '1'),
(5906,        'Liebesromane',        2,        'Admin',        '2012-07-06 15:35:07',        1,        59,        '1'),
(5907,        'Science Fiction',        2,        'Admin',        '2012-07-06 15:35:07',        1,        59,        '1'),
(5908,        'Ratgeber',        2,        'Admin',        '2012-07-06 15:35:07',        1,        59,        '1'),
(5909,        'Fachliteratur',        2,        'Admin',        '2012-07-06 15:35:07',        1,        59,        '1'),
(5910,        'Reisen',        2,        'Admin',        '2012-07-06 15:35:07',        1,        59,        '1'),
(5911,        'Belletristik',        2,        'Admin',        '2012-07-06 15:35:07',        1,        59,        '1'),
(5912,        'Sachbücher',        2,        'Admin',        '2012-07-06 15:35:07',        1,        59,        '1'),
(5913,        'Kinder',        2,        'Admin',        '2012-07-06 15:35:07',        1,        59,        '1'),
(5914,        'Teens',        2,        'Admin',        '2012-07-06 15:35:07',        1,        59,        '1'),
(5915,        'Alle',        2,        'Admin',        '2012-07-06 15:35:07',        1,        59,        '1'),
(6001,        'Kunden',        2,        'Admin',        '2012-07-06 15:35:07',        1,        60,        '1'),
(6002,        'Jobs/Karriere',        2,        'Admin',        '2012-07-06 15:35:07',        1,        60,        '1'),
(6003,        'Recht',        2,        'Admin',        '2012-07-06 15:35:07',        1,        60,        '1'),
(6004,        'Management',        2,        'Admin',        '2012-07-06 15:35:07',        1,        60,        '1'),
(6005,        'Gemeinnützige Organisationen',        2,        'Admin',        '2012-07-06 15:35:07',        1,        60,        '1'),
(6006,        'Immobilien',        2,        'Admin',        '2012-07-06 15:35:07',        1,        60,        '1'),
(6007,        'Erinnerungen/Aufgabenlisten',        2,        'Admin',        '2012-07-06 15:35:07',        1,        60,        '1'),
(6008,        'Verkauf',        2,        'Admin',        '2012-07-06 15:35:07',        1,        60,        '1'),
(6009,        'Werbung',        2,        'Admin',        '2012-07-06 15:35:07',        1,        60,        '1'),
(6010,        'Analyse',        2,        'Admin',        '2012-07-06 15:35:07',        1,        60,        '1'),
(6011,        'Auktion/Verkauf',        2,        'Admin',        '2012-07-06 15:35:07',        1,        60,        '1'),
(6012,        'Alle',        2,        'Admin',        '2012-07-06 15:35:07',        1,        60,        '1'),
(6101,        'Kindergarten',        2,        'Admin',        '2012-07-06 15:35:07',        1,        61,        '1'),
(6102,        'Grundschule',        2,        'Admin',        '2012-07-06 15:35:07',        1,        61,        '1'),
(6103,        'Fachhochschule/Universität',        2,        'Admin',        '2012-07-06 15:35:07',        1,        61,        '1'),
(6105,        'Realschule',        2,        'Admin',        '2012-07-06 15:35:07',        1,        61,        '1'),
(6106,        'Gymnasium',        2,        'Admin',        '2012-07-06 15:35:07',        1,        61,        '1'),
(6107,        'Lehrkräfte',        2,        'Admin',        '2012-07-06 15:35:07',        1,        61,        '1'),
(6108,        'Lernkarten',        2,        'Admin',        '2012-07-06 15:35:07',        1,        61,        '1'),
(6109,        'Lektionen/Aktivitäten',        2,        'Admin',        '2012-07-06 15:35:07',        1,        61,        '1'),
(6110,        'Fremdsprachen',        2,        'Admin',        '2012-07-06 15:35:07',        1,        61,        '1'),
(6111,        'Schreiben/Grammatik',        2,        'Admin',        '2012-07-06 15:35:07',        1,        61,        '1'),
(6112,        'Vokabular',        2,        'Admin',        '2012-07-06 15:35:07',        1,        61,        '1'),
(6113,        'Alle',        2,        'Admin',        '2012-07-06 15:35:07',        1,        61,        '1'),
(6201,        'Erotik',        2,        'Admin',        '2012-07-06 15:35:07',        1,        62,        '1'),
(6202,        'Familie',        2,        'Admin',        '2012-07-06 15:35:07',        1,        62,        '1'),
(6203,        'Humor',        2,        'Admin',        '2012-07-06 15:35:07',        1,        62,        '1'),
(6204,        'Streiche',        2,        'Admin',        '2012-07-06 15:35:07',        1,        62,        '1'),
(6205,        'Horror',        2,        'Admin',        '2012-07-06 15:35:07',        1,        62,        '1'),
(6206,        'Tiere',        2,        'Admin',        '2012-07-06 15:35:07',        1,        62,        '1'),
(6207,        'Prominente',        2,        'Admin',        '2012-07-06 15:35:07',        1,        62,        '1'),
(6208,        'Kino/TV',        2,        'Admin',        '2012-07-06 15:35:07',        1,        62,        '1'),
(6209,        'Mode',        2,        'Admin',        '2012-07-06 15:35:07',        1,        62,        '1'),
(6210,        'Alle',        2,        'Admin',        '2012-07-06 15:35:07',        1,        62,        '1'),
(6301,        'Bankwesen',        2,        'Admin',        '2012-07-06 15:35:07',        1,        63,        '1'),
(6302,        'Unternehmen',        2,        'Admin',        '2012-07-06 15:35:07',        1,        63,        '1'),
(6303,        'Privat',        2,        'Admin',        '2012-07-06 15:35:07',        1,        63,        '1'),
(6304,        'Aktien',        2,        'Admin',        '2012-07-06 15:35:07',        1,        63,        '1'),
(6305,        'Budget',        2,        'Admin',        '2012-07-06 15:35:07',        1,        63,        '1'),
(6306,        'Quittungen',        2,        'Admin',        '2012-07-06 15:35:07',        1,        63,        '1'),
(6307,        'Rente/Pension',        2,        'Admin',        '2012-07-06 15:35:07',        1,        63,        '1'),
(6308,        'Coupons',        2,        'Admin',        '2012-07-06 15:35:07',        1,        63,        '1'),
(6309,        'Schulden/Zahlungen',        2,        'Admin',        '2012-07-06 15:35:07',        1,        63,        '1'),
(6310,        'Alle',        2,        'Admin',        '2012-07-06 15:35:07',        1,        63,        '1'),
(6401,        'Vegetarier/Veganer',        2,        'Admin',        '2012-07-06 15:35:07',        1,        64,        '1'),
(6402,        'Rezepte',        2,        'Admin',        '2012-07-06 15:35:07',        1,        64,        '1'),
(6403,        'Restaurants',        2,        'Admin',        '2012-07-06 15:35:07',        1,        64,        '1'),
(6404,        'Fast-Food',        2,        'Admin',        '2012-07-06 15:35:07',        1,        64,        '1'),
(6405,        'Ernährung',        2,        'Admin',        '2012-07-06 15:35:07',        1,        64,        '1'),
(6406,        'Alle',        2,        'Admin',        '2012-07-06 15:35:07',        1,        64,        '1'),
(6501,        'Kinder',        2,        'Admin',        '2012-07-06 15:35:07',        1,        65,        '1'),
(6502,        'Arcade',        2,        'Admin',        '2012-07-06 15:35:07',        1,        65,        '1'),
(6503,        'Klassiker',        2,        'Admin',        '2012-07-06 15:35:07',        1,        65,        '1'),
(6504,        'Karten',        2,        'Admin',        '2012-07-06 15:35:07',        1,        65,        '1'),
(6505,        'Denkspiele',        2,        'Admin',        '2012-07-06 15:35:07',        1,        65,        '1'),
(6506,        'Puzzles/Wortspiele',        2,        'Admin',        '2012-07-06 15:35:07',        1,        65,        '1'),
(6507,        'Trivialwissen',        2,        'Admin',        '2012-07-06 15:35:07',        1,        65,        '1'),
(6508,        'Strategie',        2,        'Admin',        '2012-07-06 15:35:07',        1,        65,        '1'),
(6509,        'Sport',        2,        'Admin',        '2012-07-06 15:35:07',        1,        65,        '1'),
(6510,        'Rennen',        2,        'Admin',        '2012-07-06 15:35:07',        1,        65,        '1'),
(6511,        'Action/Abenteuer',        2,        'Admin',        '2012-07-06 15:35:07',        1,        65,        '1'),
(6512,        'Gewalt',        2,        'Admin',        '2012-07-06 15:35:07',        1,        65,        '1'),
(6513,        'Alle',        2,        'Admin',        '2012-07-06 15:35:07',        1,        65,        '1'),
(6601,        'Ernährung',        2,        'Admin',        '2012-07-06 15:35:07',        1,        66,        '1'),
(6602,        'Workout/Training',        2,        'Admin',        '2012-07-06 15:35:07',        1,        66,        '1'),
(6603,        'Abnehmen',        2,        'Admin',        '2012-07-06 15:35:07',        1,        66,        '1'),
(6604,        'Fitnesscenter/-studio',        2,        'Admin',        '2012-07-06 15:35:07',        1,        66,        '1'),
(6605,        'Lifestyle',        2,        'Admin',        '2012-07-06 15:35:07',        1,        66,        '1'),
(6606,        'Vorsorge',        2,        'Admin',        '2012-07-06 15:35:07',        1,        66,        '1'),
(6607,        'Referenz',        2,        'Admin',        '2012-07-06 15:35:07',        1,        66,        '1'),
(6608,        'Veranstaltungen',        2,        'Admin',        '2012-07-06 15:35:07',        1,        66,        '1'),
(6609,        'Männer',        2,        'Admin',        '2012-07-06 15:35:07',        1,        66,        '1'),
(6610,        'Frauen',        2,        'Admin',        '2012-07-06 15:35:07',        1,        66,        '1'),
(6611,        'Kinder',        2,        'Admin',        '2012-07-06 15:35:07',        1,        66,        '1'),
(6612,        'Senioren',        2,        'Admin',        '2012-07-06 15:35:07',        1,        66,        '1'),
(6613,        'Alle',        2,        'Admin',        '2012-07-06 15:35:07',        1,        66,        '1'),
(6701,        'Dating',        2,        'Admin',        '2012-07-06 15:35:07',        1,        67,        '1'),
(6702,        'Essen und Trinken',        2,        'Admin',        '2012-07-06 15:35:07',        1,        67,        '1'),
(6703,        'Veranstaltungen',        2,        'Admin',        '2012-07-06 15:35:07',        1,        67,        '1'),
(6704,        'Tagebücher',        2,        'Admin',        '2012-07-06 15:35:07',        1,        67,        '1'),
(6705,        'Feiern',        2,        'Admin',        '2012-07-06 15:35:07',        1,        67,        '1'),
(6706,        'Hobbys',        2,        'Admin',        '2012-07-06 15:35:07',        1,        67,        '1'),
(6707,        'Humor',        2,        'Admin',        '2012-07-06 15:35:07',        1,        67,        '1'),
(6708,        'Tipps',        2,        'Admin',        '2012-07-06 15:35:07',        1,        67,        '1'),
(6709,        'Alle',        2,        'Admin',        '2012-07-06 15:35:07',        1,        67,        '1'),
(6801,        'Radio',        2,        'Admin',        '2012-07-06 15:35:07',        1,        68,        '1'),
(6802,        'Instrumente',        2,        'Admin',        '2012-07-06 15:35:07',        1,        68,        '1'),
(6803,        'Unterricht',        2,        'Admin',        '2012-07-06 15:35:07',        1,        68,        '1'),
(6804,        'Komposition/Bearbeitung',        2,        'Admin',        '2012-07-06 15:35:07',        1,        68,        '1'),
(6805,        'Künstler',        2,        'Admin',        '2012-07-06 15:35:07',        1,        68,        '1'),
(6806,        'Indie',        2,        'Admin',        '2012-07-06 15:35:07',        1,        68,        '1'),
(6807,        'Veranstaltungen',        2,        'Admin',        '2012-07-06 15:35:07',        1,        68,        '1'),
(6808,        'Talentsuche',        2,        'Admin',        '2012-07-06 15:35:07',        1,        68,        '1'),
(6809,        'Alle',        2,        'Admin',        '2012-07-06 15:35:07',        1,        68,        '1'),
(6901,        'Autofahren',        2,        'Admin',        '2012-07-06 15:35:07',        1,        69,        '1'),
(6902,        'Verkehr',        2,        'Admin',        '2012-07-06 15:35:07',        1,        69,        '1'),
(6903,        'Fahrpläne',        2,        'Admin',        '2012-07-06 15:35:07',        1,        69,        '1'),
(6904,        'Land-/Straßenkarten',        2,        'Admin',        '2012-07-06 15:35:07',        1,        69,        '1'),
(6905,        'Öffentliche Verkehrsmittel',        2,        'Admin',        '2012-07-06 15:35:07',        1,        69,        '1'),
(6906,        'Hilfsmittel',        2,        'Admin',        '2012-07-06 15:35:07',        1,        69,        '1'),
(6907,        'Alle',        2,        'Admin',        '2012-07-06 15:35:07',        1,        69,        '1'),
(7001,        'Aktuelles/Schlagzeilen',        2,        'Admin',        '2012-07-06 15:35:07',        1,        70,        '1'),
(7002,        'Lokales',        2,        'Admin',        '2012-07-06 15:35:07',        1,        70,        '1'),
(7003,        'Inland',        2,        'Admin',        '2012-07-06 15:35:07',        1,        70,        '1'),
(7004,        'Ausland',        2,        'Admin',        '2012-07-06 15:35:07',        1,        70,        '1'),
(7005,        'Unterhaltung',        2,        'Admin',        '2012-07-06 15:35:07',        1,        70,        '1'),
(7006,        'Wirtschaft/Aktien',        2,        'Admin',        '2012-07-06 15:35:07',        1,        70,        '1'),
(7007,        'Sport',        2,        'Admin',        '2012-07-06 15:35:07',        1,        70,        '1'),
(7008,        'Sonderinteressen',        2,        'Admin',        '2012-07-06 15:35:07',        1,        70,        '1'),
(7009,        'Alle',        2,        'Admin',        '2012-07-06 15:35:07',        1,        70,        '1'),
(7101,        'Profis',        2,        'Admin',        '2012-07-06 15:35:07',        1,        71,        '1'),
(7102,        'Unterricht',        2,        'Admin',        '2012-07-06 15:35:07',        1,        71,        '1'),
(7103,        'Kameras/Zubehör',        2,        'Admin',        '2012-07-06 15:35:07',        1,        71,        '1'),
(7104,        'Galerien',        2,        'Admin',        '2012-07-06 15:35:07',        1,        71,        '1'),
(7105,        'Effekte/Bearbeitung',        2,        'Admin',        '2012-07-06 15:35:07',        1,        71,        '1'),
(7106,        'Alle',        2,        'Admin',        '2012-07-06 15:35:07',        1,        71,        '1'),
(7201,        'Werkzeuge',        2,        'Admin',        '2012-07-06 15:35:07',        1,        72,        '1'),
(7202,        'Rechnen',        2,        'Admin',        '2012-07-06 15:35:07',        1,        72,        '1'),
(7203,        'Listen',        2,        'Admin',        '2012-07-06 15:35:07',        1,        72,        '1'),
(7204,        'Ratgeber',        2,        'Admin',        '2012-07-06 15:35:07',        1,        72,        '1'),
(7205,        'Erinnerung',        2,        'Admin',        '2012-07-06 15:35:07',        1,        72,        '1'),
(7206,        'Hilfsmittel',        2,        'Admin',        '2012-07-06 15:35:07',        1,        72,        '1'),
(7207,        'Notfälle',        2,        'Admin',        '2012-07-06 15:35:07',        1,        72,        '1'),
(7208,        'Alle',        2,        'Admin',        '2012-07-06 15:35:07',        1,        72,        '1'),
(7301,        'Übersetzung',        2,        'Admin',        '2012-07-06 15:35:07',        1,        73,        '1'),
(7302,        'Wörterbuch/Thesaurus',        2,        'Admin',        '2012-07-06 15:35:07',        1,        73,        '1'),
(7303,        'Medizin',        2,        'Admin',        '2012-07-06 15:35:07',        1,        73,        '1'),
(7304,        'Recht',        2,        'Admin',        '2012-07-06 15:35:07',        1,        73,        '1'),
(7305,        'Trivial-/Allgemeinwissen',        2,        'Admin',        '2012-07-06 15:35:07',        1,        73,        '1'),
(7306,        'Zitate',        2,        'Admin',        '2012-07-06 15:35:07',        1,        73,        '1'),
(7307,        'Unterhaltung',        2,        'Admin',        '2012-07-06 15:35:07',        1,        73,        '1'),
(7308,        'Hobbys',        2,        'Admin',        '2012-07-06 15:35:07',        1,        73,        '1'),
(7309,        'Alle',        2,        'Admin',        '2012-07-06 15:35:07',        1,        73,        '1'),
(7401,        'Chat',        2,        'Admin',        '2012-07-06 15:35:07',        1,        74,        '1'),
(7402,        'Twitter',        2,        'Admin',        '2012-07-06 15:35:07',        1,        74,        '1'),
(7403,        'Dating',        2,        'Admin',        '2012-07-06 15:35:07',        1,        74,        '1'),
(7404,        'Sonderinteressen',        2,        'Admin',        '2012-07-06 15:35:07',        1,        74,        '1'),
(7405,        'Teen',        2,        'Admin',        '2012-07-06 15:35:07',        1,        74,        '1'),
(7406,        'Allgemein',        2,        'Admin',        '2012-07-06 15:35:07',        1,        74,        '1'),
(7407,        'Alle',        2,        'Admin',        '2012-07-06 15:35:07',        1,        74,        '1'),
(7501,        'Fantasy-Sport',        2,        'Admin',        '2012-07-06 15:35:07',        1,        75,        '1'),
(7502,        'Nachrichten',        2,        'Admin',        '2012-07-06 15:35:07',        1,        75,        '1'),
(7503,        'Veranstaltungen',        2,        'Admin',        '2012-07-06 15:35:07',        1,        75,        '1'),
(7504,        'Statistiken',        2,        'Admin',        '2012-07-06 15:35:07',        1,        75,        '1'),
(7505,        'Spiele',        2,        'Admin',        '2012-07-06 15:35:07',        1,        75,        '1'),
(7506,        'Ligen',        2,        'Admin',        '2012-07-06 15:35:07',        1,        75,        '1'),
(7507,        'Übertragungen',        2,        'Admin',        '2012-07-06 15:35:07',        1,        75,        '1'),
(7508,        'Sportarten',        2,        'Admin',        '2012-07-06 15:35:07',        1,        75,        '1'),
(7509,        'Alle',        2,        'Admin',        '2012-07-06 15:35:07',        1,        75,        '1'),
(7601,        'Währung',        2,        'Admin',        '2012-07-06 15:35:07',        1,        76,        '1'),
(7602,        'Sprachführer/Übersetzungshilfen',        2,        'Admin',        '2012-07-06 15:35:07',        1,        76,        '1'),
(7603,        'Reiseführer',        2,        'Admin',        '2012-07-06 15:35:07',        1,        76,        '1'),
(7604,        'Sehenswürdigkeiten',        2,        'Admin',        '2012-07-06 15:35:07',        1,        76,        '1'),
(7605,        'Transport',        2,        'Admin',        '2012-07-06 15:35:07',        1,        76,        '1'),
(7606,        'Land-/Straßenkarten',        2,        'Admin',        '2012-07-06 15:35:07',        1,        76,        '1'),
(7607,        'Gastronomie/Hotels',        2,        'Admin',        '2012-07-06 15:35:07',        1,        76,        '1'),
(7608,        'Alle',        2,        'Admin',        '2012-07-06 15:35:07',        1,        76,        '1'),
(7701,        'Unwetter/Warnungen',        2,        'Admin',        '2012-07-06 15:35:07',        1,        77,        '1'),
(7702,        'Vorhersage',        2,        'Admin',        '2012-07-06 15:35:07',        1,        77,        '1'),
(7703,        'Luftqualität',        2,        'Admin',        '2012-07-06 15:35:07',        1,        77,        '1'),
(7704,        'Wellen-/Schneehöhe',        2,        'Admin',        '2012-07-06 15:35:07',        1,        77,        '1'),
(7705,        'Nach Ort',        2,        'Admin',        '2012-07-06 15:35:07',        1,        77,        '1'),
(7706,        'Alle',        2,        'Admin',        '2012-07-06 15:35:07',        1,        77,        '1');

# Dump of table jos_dp_tax_categories
# ------------------------------------------------------------
INSERT IGNORE INTO `jos_dp_tax_categories` (`id`, `tax_category`, `commodity_code`) VALUES
(2,        'Games',        '4323.126'),
(3,        'Medical',        '4323.120'),
(4,        'Enterprise',        '4323.125'),
(5,        'Other apps',        '4323.120'),
(6,        'Streaming',        '551115.400'),
(8,        'Books',        '55111504.120'),
(9,        'Newspapers',        '55111507.120'),
(10,        'Magazines',        '55111506.120');

# Dump of table jos_dp_app_target
# ------------------------------------------------------------
INSERT IGNORE INTO `jos_dp_app_target` (`app_target_id`, `app_target_name`, `app_target_signing_queue_path`, `app_target_signed_path`, `app_target_temporary_path`, `app_target_signed_final_path`) VALUES
(1,        'REVIEW',        '/nethdd/Data/acpkg/Packages/incmplete/',        '/nethdd/Data/acpkg/Packages/signedReview/',        '/var/tmp',        '/nethdd/Data/acpkg/Packages/signedReview/'),
(2,        'PRODUCTION',        '/nethdd/Data/acpkg/PROD/tosign/',        '/nethdd/Data/acpkg/PROD/signed/',        '/var/tmp',        '/nethdd/Data/acpkg/Packages/signedProduction/');

# Dump of table jos_dp_app_publish_state
# ------------------------------------------------------------
INSERT IGNORE INTO `jos_dp_app_publish_state` (`app_publish_state_id`, `app_publish_state_name`) VALUES
(5,        'Completed'),
(0,        'N/A'),
(1,        'Pending'),
(9,        'Pre Published'),
(-1,        'Quarantined'),
(2,        'Queued Signing'),
(6,        'Reject'),
(8,        'Revoke'),
(3,        'Signed '),
(7,        'Suspend'),
(4,        'Uploaded');

# Dumping data for table `jos_dp_country_languages`
# ------------------------------------------------------------------------

INSERT IGNORE INTO `jos_dp_country_languages` VALUES 
(4,0,1),
(4,1,0),
(7,0,0),
(7,1,1),
(8,0,0),
(8,2,1),
(9,0,1),
(11,0,1),
(15,0,0),
(15,4,1),
(17,0,1),
(19,0,0),
(19,4,1),
(22,0,1),
(23,0,1),
(23,4,0),
(28,0,1),
(30,0,1),
(245,0,1),
(246,0,1);


# Dumping data for table   jos_dp_sms_country_info
# ------------------------------------------------------------
INSERT IGNORE INTO `jos_dp_sms_country_info` VALUES (1,'AD',0,376,0),(2,'AG',0,1268,0),(3,'AN',0,599,0),(4,'AR',0,54,0),(5,'AT',0,43,0),(6,'AU',0,61,0),(7,'AW',0,297,0),(8,'BE',0,32,0),(9,'BG',0,359,0),(10,'BM',0,1441,0),(11,'BO',0,591,0),(12,'BR',0,55,0),(13,'CA',1,1,1),(14,'CH',0,41,0),(15,'CL',0,56,0),(16,'CN',0,86,0),(17,'CY',0,357,0),(18,'CZ',0,420,0),(19,'DE',1,49,4),(20,'DK',0,45,0),(21,'DM',0,1767,0),(22,'DO',0,1806,0),(23,'EC',0,593,0),(24,'EE',0,372,0),(25,'EG',0,20,0),(26,'ES',1,34,4),(27,'FI',0,358,0),(28,'FJ',0,679,0),(29,'FR',1,33,4),(84,'GB',1,44,4),(30,'GD',0,1473,0),(31,'GF',0,594,0),(32,'GP',0,590,0),(33,'GR',0,30,0),(34,'HK',0,852,0),(35,'HR',0,385,0),(36,'HU',0,36,0),(37,'ID',0,62,0),(38,'IE',1,353,4),(39,'IL',0,972,0),(40,'IN',0,91,0),(41,'IS',0,354,0),(42,'IT',0,39,0),(43,'JM',0,1876,0),(44,'KR',0,82,0),(45,'KY',0,1345,0),(46,'LC',0,1758,0),(47,'LI',0,423,0),(48,'LT',0,370,0),(49,'LU',0,352,0),(50,'LV',0,371,0),(51,'MN',0,377,0),(52,'MQ',0,596,0),(53,'MS',0,1664,0),(54,'MT',0,356,0),(55,'MX',0,52,2),(56,'MY',0,60,0),(57,'NL',0,31,0),(58,'NO',0,47,0),(59,'NZ',0,64,0),(60,'PA',0,507,0),(61,'PE',0,51,0),(62,'PH',0,63,0),(63,'PL',0,48,0),(64,'PT',0,351,0),(65,'PY',0,595,0),(66,'RO',0,40,0),(67,'RU',0,7,0),(68,'SE',0,46,0),(69,'SG',0,65,0),(70,'SI',0,386,0),(71,'SK',0,421,0),(72,'SR',0,597,0),(73,'SV',0,503,0),(74,'TC',0,1649,0),(75,'TH',0,66,0),(76,'TR',0,90,0),(77,'TT',0,1868,0),(78,'TW',0,886,0),(80,'US',1,1,3),(81,'VE',0,58,0),(82,'VN',0,84,0),(83,'ZA',0,27,0);

INSERT IGNORE INTO `jos_dp_sms_carrier_codes` VALUES (1,'42975','Canada'),(2,'42975','Mexico: telcel'),(3,'42975','US: verizon, sprint'),(4,'42975','UK/Intl: O2');

INSERT IGNORE INTO `dp_job_queue` (`queue_id`, `queue_name`, `processing_timeout`, `queue_enabled`, `register_transfer_request`, `from_path`, `to_path`) VALUES
(1,        'Preliminary Verification',        120,        1,        1,        '/nas-mnt/nethdd/Data/acpkg/Packages/unsigned/',        '/var/tmp/trash'),
(2,        'Preliminary Verification Failed',        120,        1,        0,        '',        ''),
(3,        'Submitted',        120,        1,        1,        '',        ''),
(4,        'Submitted Failed',        600,        1,        1,        '',        ''),
(5,        'Archiving',        600,        1,        1,        '',        ''),
(6,        'Archiving Failed',        600,        1,        1,        '',        ''),
(7,        'Scanning',        300,        1,        1,        '/nas-mnt/nethdd/Data/acpkg/Packages/unsigned/',        '/var/tmp/trash'),
(8,        'Scanning Tool Failed',        120,        1,        1,        '',        ''),
(9,        'Scanning Security Review',        3600,        1,        1,        '',        ''),
(10,        'Scanning Rejected',        120,        1,        1,        '',        ''),
(11,        'Review Signing',        300,        1,        1,        '',        ''),
(12,        'Review Signing Tool Failure',        300,        1,        1,        '',        ''),
(13,        'Review Signing Override Required',        300,        1,        1,        '',        ''),
(14,        'Publish To QA',        900,        1,        1,        '',        ''),
(15,        'Publish To QA Failure',        900,        1,        1,        '',        ''),
(16,        'Review',        3600,        1,        0,        '',        ''),
(17,        'Suspended In Review',        0,        1,        0,        '',        ''),
(18,        'Review Rejected',        900,        1,        1,        '',        ''),
(19,        'User Reject Request',        900,        1,        1,        '',        ''),
(20,        'Production Signing',        900,        1,        1,        '',        ''),
(21,        'Production Signing Tool Failure',        900,        1,        1,        '',        ''),
(22,        'Production Signing Override Required',        300,        1,        1,        '',        ''),
(23,        'Publish To Production',        900,        1,        1,        '',        ''),
(24,        'Suspended In Production',        900,        1,        0,        '',        ''),
(25,        'Rejected',        900,        1,        1,        '',        ''),
(26,        'Transformation - Babelfish to Blowfish Package',        30,        1,        1,        '/nas-mnt/nethdd/Data/acpkg/Packages/unsigned/',        '/var/tmp/trash'),
(27,        'Async Publish To Review',        30,        1,        1,        '/nethdd/Data/acpkg/Packages/signedReview',        '/var/tmp/trash'),
(28,        'Publish To Review Failure ',        30,        1,        0,        '',        ''),
(29,        'Async Publish To Review Completion',        480,        1,        0,        '',        ''),
(30,        'Async Publish To Production',        30,        1,        1,        '/nethdd/Data/acpkg/Packages/signedProduction',        '/var/tmp/trash'),
(31,        'Publish To Production Failure',        30,        1,        0,        '',        ''),
(32,        'Async Publish To Production Completion',        480,        1,        0,        '',        ''),
(33,        'Pdk Metadata Inserter Review',        60,        1,        1,        '/nethdd/Data/acpkg/Packages/signedReview/',        '/nethddData/acpkg/Packages/signedReview/'),
(34,        'Pdk Metadata Inserter Production',        60,        1,        1,        '/nethdd/Data/acpkg/Packages/signedReview/',        '/nethddData/acpkg/Packages/signedReview/'),
(35,        'Bulk Signing Review',        30,        1,        1,        '/nas-mnt/nethdd/Data/acpkg/Packages/unsigned',        '/nethdd/Data/acpkg/Packages/signedReview'),
(36,        'Bulk Signing Production',        30,        1,        1,        '/nas-mnt/nethdd/Data/acpkg/Packages/unsigned',        '/nethdd/Data/acpkg/Packages/signedProduction'),
(37,        'CDN File Delivery Review',        900,        1,        1,        '',        ''),
(38,        'CDN File Delivery Production',        900,        1,        1,        '',        ''),
(39,        'Simple Publish To QA',        900,        1,        1,        '',        ''),
(40,        'Simple Publish To QA Failure',        900,        1,        1,        '',        ''),
(41,        'Simple Publish To Production',        900,        1,        1,        '',        ''),
(42,        'Simple Publish To Production Failure',        30,        1,        0,        '',        ''),
(43,        'CDN File Delivery To QA Failure',        900,        1,        1,        '',        ''),
(44,        'CDN File Delivery To Production Failure',        900,        1,        1,        '',        ''),
(45,        'Clam Antivirus Scanning',        30,        1,        1,        '/nas-mnt/nethdd/Data/acpkg/Packages/unsigned/',        '');

INSERT IGNORE INTO `dp_job_workflow` (`workflow_id`, `workflow_name`, `workflow_description`) VALUES
(22,        'Windows App Submission',        'Windows App Submission with DP as SoT'),
(23,        'Android App Submission',        'Android App Submission with DP as SoT'),
(24,        'iOS App Submission',        'iOS App Submission'),
(26,        'URL App Submission',        'URL App Submission');

INSERT IGNORE INTO `dp_job_workflow_job` (`workflow_id`, `queue_id`, `from_path`, `to_path`) VALUES
(22,        38,        '/nas-mnt/nethdd/Data/acpkg/Packages/unsigned',        '/var/tmp/trash'),
(22,        41,        '/nas-mnt/nethdd/Data/acpkg/Packages/unsigned',        ''),
(22,        45,        '/nas-mnt/nethdd/Data/acpkg/Packages/unsigned',        ''),
(23,        38,        '/nas-mnt/nethdd/Data/acpkg/Packages/unsigned',        '/var/tmp/trash'),
(23,        41,        '/nas-mnt/nethdd/Data/acpkg/Packages/unsigned',        '/var/tmp/trash'),
(23,        45,        '/nas-mnt/nethdd/Data/acpkg/Packages/unsigned',        '/var/tmp/trash'),
(24,        38,        '/nas-mnt/nethdd/Data/acpkg/Packages/unsigned',        '/var/tmp/trash'),
(24,        41,        '/nas-mnt/nethdd/Data/acpkg/Packages/unsigned',        '/var/tmp/trash'),
(24,        45,        '/nas-mnt/nethdd/Data/acpkg/Packages/unsigned',        ''),
(26,        38,        '/nas-mnt/nethdd/Data/acpkg/Packages/unsigned',        '/var/tmp/trash'),
(26,        41,        '/nas-mnt/nethdd/Data/acpkg/Packages/unsigned',        '/var/tmp/trash');

INSERT IGNORE INTO `jos_dp_app_target_cs` (`app_target_id`, `cloud_system_name`, `app_catalog_publish_host_name`, `app_catalog_publish_url`, `app_catalog_publish_path`, `app_catalog_file_upload_user`, `app_catalog_file_upload_password`, `app_catalog_update_app_url`, `app_catalog_update_app_status_url`, `acs2_service_url`, `acs2_app_detail_url`, `cdn_env_path`, `cdn_host_name`, `cdn_user`, `cdn_password`) VALUES
(1,        'SBDEV',        'pds-acscp.sbdev.palmws.com',        'http://localhost/palmcsext/services/deviceJ/appentryMetadata',        '/nethdd/Data/acpkg/Packages/uploads/',        'packages',        'segakcap',        'http://localhost/palmcsext/services/deviceJ/updateAppentryMetadata',        'http://localhost/palmcsext/services/deviceJ/updateAppStatus',        'http://localhost/appcatalog/2.0/',        'http://localhost/appcatalog/2.0/en_CU/apps/',        '',        'rsync.sbdev.palmws.com',        'qatest',        'tester'),
(2,        'QA',        'pds-acscp.sbdev.palmws.com',        'http://localhost/palmcsext/services/deviceJ/appentryMetadata',        '/nethdd/Data/acpkg/Packages/uploads/',        'packages',        'segakcap',        'http://localhost:/palmcsext/services/deviceJ/updateAppentryMetadata',        'http://localhost/palmcsext/services/deviceJ/updateAppStatus',        'http://localhost/appcatalog/2.0/',        'http://localhost/appcatalog/2.0/en_CU/apps/',        '',        'rsync.sbdev.palmws.com',        'qatest',        'tester');

INSERT IGNORE INTO `dp_app_image_aspect_ratio` (`aspect_ratio_id`, `width`, `height`)
VALUES ('1', '1', '1'),
('2', '4', '3'),
('3', '3', '4'),
('4', '16', '9'),
('5', '9', '16'),
('6', '16', '10'),
('7', '10', '16');

INSERT IGNORE INTO `dp_app_image_icon_dimension` (`app_icon_dimension_id`, `icon_type`, `max_size`, `min_size`)
VALUES ('1', '1', '500', '48'),
('2', '2', '500', '64');

INSERT IGNORE INTO `dp_app_image_screenshot_dimension` (`app_screenshot_dimension_id`, `max_size`, `min_size`)
VALUES ('1', '2048', '320');

INSERT IGNORE INTO `jos_dp_device_type_icon_requirements` (`device_model_family_type_id`, `app_icon_dimension_id`, `aspect_ratio_id`, `is_enabled`)
VALUES ('1000', '1', '1', '1'),
('1000', '2', '1', '1');
            
INSERT IGNORE INTO `jos_dp_device_type_screenshot_requirements` (`device_model_family_type_id`, `app_screenshot_dimension_id`, `aspect_ratio_id`, `is_enabled`)
VALUES ('1000', '1', '2', '1'),
('1000', '1', '3', '1'),
('1000', '1', '4', '1'),
('1000', '1', '5', '1'),
('1000', '1', '6', '1'),
('1000', '1', '7', '1');

INSERT IGNORE INTO `jos_dp_common_os_version` (`id`, `version_major`, `version_minor`, `version_rev`, `os_name`, `isenabled`, `code_name`, `normalized_version_major`, `normalized_version_minor`, `normalized_version_fix`, `platform_id`)
VALUES ('990008', '99', '0', '8', 'Windows 8', '1', '8', '99', '0', '8', '2');

UPDATE `jos_dp_common_os_version` SET `isenabled` = '0' WHERE `id` = '990006' LIMIT 1;

INSERT IGNORE INTO `dp_app_platform_properties` (`property_type`, `property_value`, `platform_id`, `is_enabled`)
VALUES ('FileExtension', 'zip', '2', '1');

SET foreign_key_checks = 1;
